lam,trans
300.00000,0.00000
300.10000,0.00000
300.20000,0.00000
300.30000,0.00000
300.40000,0.00000
300.50000,0.00000
300.60000,0.00000
300.70000,0.00000
300.80000,0.00000
300.90000,0.00000
301.00000,0.00000
301.10000,0.00000
301.20000,0.00000
301.30000,0.00000
301.40000,0.00000
301.50000,0.00000
301.60000,0.00000
301.70000,0.00000
301.80000,0.00000
301.90000,0.00000
302.00000,0.00000
302.10000,0.00000
302.20000,0.00000
302.30000,0.00000
302.40000,0.00000
302.50000,0.00000
302.60000,0.00000
302.70000,0.00000
302.80000,0.00000
302.90000,0.00000
303.00000,0.00000
303.10000,0.00000
303.20000,0.00000
303.30000,0.00000
303.40000,0.00000
303.50000,0.00000
303.60000,0.00000
303.70000,0.00000
303.80000,0.00000
303.90000,0.00000
304.00000,0.00000
304.10000,0.00000
304.20000,0.00000
304.30000,0.00000
304.40000,0.00000
304.50000,0.00000
304.60000,0.00000
304.70000,0.00000
304.80000,0.00000
304.90000,0.00000
305.00000,0.00000
305.10000,0.00000
305.20000,0.00000
305.30000,0.00000
305.40000,0.00000
305.50000,0.00000
305.60000,0.00000
305.70000,0.00000
305.80000,0.00000
305.90000,0.00000
306.00000,0.00000
306.10000,0.00000
306.20000,0.00000
306.30000,0.00000
306.40000,0.00000
306.50000,0.00000
306.60000,0.00000
306.70000,0.00000
306.80000,0.00000
306.90000,0.00000
307.00000,0.00000
307.10000,0.00000
307.20000,0.00000
307.30000,0.00000
307.40000,0.00000
307.50000,0.00000
307.60000,0.00000
307.70000,0.00000
307.80000,0.00000
307.90000,0.00000
308.00000,0.00000
308.10000,0.00000
308.20000,0.00000
308.30000,0.00000
308.40000,0.00000
308.50000,0.00000
308.60000,0.00000
308.70000,0.00000
308.80000,0.00000
308.90000,0.00000
309.00000,0.00000
309.10000,0.00000
309.20000,0.00000
309.30000,0.00000
309.40000,0.00000
309.50000,0.00000
309.60000,0.00000
309.70000,0.00000
309.80000,0.00000
309.90000,0.00000
310.00000,0.00000
310.10000,0.00000
310.20000,0.00000
310.30000,0.00000
310.40000,0.00000
310.50000,0.00000
310.60000,0.00000
310.70000,0.00000
310.80000,0.00000
310.90000,0.00000
311.00000,0.00000
311.10000,0.00000
311.20000,0.00000
311.30000,0.00000
311.40000,0.00000
311.50000,0.00000
311.60000,0.00000
311.70000,0.00000
311.80000,0.00000
311.90000,0.00000
312.00000,0.00000
312.10000,0.00000
312.20000,0.00000
312.30000,0.00000
312.40000,0.00000
312.50000,0.00000
312.60000,0.00000
312.70000,0.00000
312.80000,0.00000
312.90000,0.00000
313.00000,0.00000
313.10000,0.00000
313.20000,0.00000
313.30000,0.00000
313.40000,0.00000
313.50000,0.00000
313.60000,0.00000
313.70000,0.00000
313.80000,0.00000
313.90000,0.00000
314.00000,0.00000
314.10000,0.00000
314.20000,0.00000
314.30000,0.00000
314.40000,0.00000
314.50000,0.00000
314.60000,0.00000
314.70000,0.00000
314.80000,0.00000
314.90000,0.00000
315.00000,0.00000
315.10000,0.00000
315.20000,0.00000
315.30000,0.00000
315.40000,0.00000
315.50000,0.00000
315.60000,0.00000
315.70000,0.00000
315.80000,0.00000
315.90000,0.00000
316.00000,0.00000
316.10000,0.00000
316.20000,0.00000
316.30000,0.00000
316.40000,0.00000
316.50000,0.00000
316.60000,0.00000
316.70000,0.00000
316.80000,0.00000
316.90000,0.00000
317.00000,0.00000
317.10000,0.00000
317.20000,0.00000
317.30000,0.00000
317.40000,0.00000
317.50000,0.00000
317.60000,0.00000
317.70000,0.00000
317.80000,0.00000
317.90000,0.00000
318.00000,0.00000
318.10000,0.00000
318.20000,0.00000
318.30000,0.00000
318.40000,0.00000
318.50000,0.00000
318.60000,0.00000
318.70000,0.00000
318.80000,0.00000
318.90000,0.00000
319.00000,0.00000
319.10000,0.00000
319.20000,0.00000
319.30000,0.00000
319.40000,0.00000
319.50000,0.00000
319.60000,0.00000
319.70000,0.00000
319.80000,0.00000
319.90000,0.00000
320.00000,0.00000
320.10000,0.00000
320.20000,0.00000
320.30000,0.00000
320.40000,0.00000
320.50000,0.00000
320.60000,0.00000
320.70000,0.00000
320.80000,0.00000
320.90000,0.00000
321.00000,0.00000
321.10000,0.00000
321.20000,0.00000
321.30000,0.00000
321.40000,0.00000
321.50000,0.00000
321.60000,0.00000
321.70000,0.00000
321.80000,0.00000
321.90000,0.00000
322.00000,0.00000
322.10000,0.00000
322.20000,0.00000
322.30000,0.00000
322.40000,0.00000
322.50000,0.00000
322.60000,0.00000
322.70000,0.00000
322.80000,0.00000
322.90000,0.00000
323.00000,0.00000
323.10000,0.00000
323.20000,0.00000
323.30000,0.00000
323.40000,0.00000
323.50000,0.00000
323.60000,0.00000
323.70000,0.00000
323.80000,0.00000
323.90000,0.00000
324.00000,0.00000
324.10000,0.00000
324.20000,0.00000
324.30000,0.00000
324.40000,0.00000
324.50000,0.00000
324.60000,0.00000
324.70000,0.00000
324.80000,0.00000
324.90000,0.00000
325.00000,0.00000
325.10000,0.00000
325.20000,0.00000
325.30000,0.00000
325.40000,0.00000
325.50000,0.00000
325.60000,0.00000
325.70000,0.00000
325.80000,0.00000
325.90000,0.00000
326.00000,0.00000
326.10000,0.00000
326.20000,0.00000
326.30000,0.00000
326.40000,0.00000
326.50000,0.00000
326.60000,0.00000
326.70000,0.00000
326.80000,0.00000
326.90000,0.00000
327.00000,0.00000
327.10000,0.00000
327.20000,0.00000
327.30000,0.00000
327.40000,0.00000
327.50000,0.00000
327.60000,0.00000
327.70000,0.00000
327.80000,0.00000
327.90000,0.00000
328.00000,0.00000
328.10000,0.00000
328.20000,0.00000
328.30000,0.00000
328.40000,0.00000
328.50000,0.00000
328.60000,0.00000
328.70000,0.00000
328.80000,0.00000
328.90000,0.00000
329.00000,0.00000
329.10000,0.00000
329.20000,0.00000
329.30000,0.00000
329.40000,0.00000
329.50000,0.00000
329.60000,0.00000
329.70000,0.00000
329.80000,0.00000
329.90000,0.00000
330.00000,0.00000
330.10000,0.00000
330.20000,0.00000
330.30000,0.00000
330.40000,0.00000
330.50000,0.00000
330.60000,0.00000
330.70000,0.00000
330.80000,0.00000
330.90000,0.00000
331.00000,0.00000
331.10000,0.00000
331.20000,0.00000
331.30000,0.00000
331.40000,0.00000
331.50000,0.00000
331.60000,0.00000
331.70000,0.00000
331.80000,0.00000
331.90000,0.00000
332.00000,0.00000
332.10000,0.00000
332.20000,0.00000
332.30000,0.00000
332.40000,0.00000
332.50000,0.00000
332.60000,0.00000
332.70000,0.00000
332.80000,0.00000
332.90000,0.00000
333.00000,0.00000
333.10000,0.00000
333.20000,0.00000
333.30000,0.00000
333.40000,0.00000
333.50000,0.00000
333.60000,0.00000
333.70000,0.00000
333.80000,0.00000
333.90000,0.00000
334.00000,0.00000
334.10000,0.00000
334.20000,0.00000
334.30000,0.00000
334.40000,0.00000
334.50000,0.00000
334.60000,0.00000
334.70000,0.00000
334.80000,0.00000
334.90000,0.00000
335.00000,0.00000
335.10000,0.00000
335.20000,0.00000
335.30000,0.00000
335.40000,0.00000
335.50000,0.00000
335.60000,0.00000
335.70000,0.00000
335.80000,0.00000
335.90000,0.00000
336.00000,0.00000
336.10000,0.00000
336.20000,0.00000
336.30000,0.00000
336.40000,0.00000
336.50000,0.00000
336.60000,0.00000
336.70000,0.00000
336.80000,0.00000
336.90000,0.00000
337.00000,0.00000
337.10000,0.00000
337.20000,0.00000
337.30000,0.00000
337.40000,0.00000
337.50000,0.00000
337.60000,0.00000
337.70000,0.00000
337.80000,0.00000
337.90000,0.00000
338.00000,0.00000
338.10000,0.00000
338.20000,0.00000
338.30000,0.00000
338.40000,0.00000
338.50000,0.00000
338.60000,0.00000
338.70000,0.00000
338.80000,0.00000
338.90000,0.00000
339.00000,0.00000
339.10000,0.00000
339.20000,0.00000
339.30000,0.00000
339.40000,0.00000
339.50000,0.00000
339.60000,0.00000
339.70000,0.00000
339.80000,0.00000
339.90000,0.00000
340.00000,0.00000
340.10000,0.00000
340.20000,0.00000
340.30000,0.00000
340.40000,0.00000
340.50000,0.00000
340.60000,0.00000
340.70000,0.00000
340.80000,0.00000
340.90000,0.00000
341.00000,0.00000
341.10000,0.00000
341.20000,0.00000
341.30000,0.00000
341.40000,0.00000
341.50000,0.00000
341.60000,0.00000
341.70000,0.00000
341.80000,0.00000
341.90000,0.00000
342.00000,0.00000
342.10000,0.00000
342.20000,0.00000
342.30000,0.00000
342.40000,0.00000
342.50000,0.00000
342.60000,0.00000
342.70000,0.00000
342.80000,0.00000
342.90000,0.00000
343.00000,0.00000
343.10000,0.00000
343.20000,0.00000
343.30000,0.00000
343.40000,0.00000
343.50000,0.00000
343.60000,0.00000
343.70000,0.00000
343.80000,0.00000
343.90000,0.00000
344.00000,0.00000
344.10000,0.00000
344.20000,0.00000
344.30000,0.00000
344.40000,0.00000
344.50000,0.00000
344.60000,0.00000
344.70000,0.00000
344.80000,0.00000
344.90000,0.00000
345.00000,0.00000
345.10000,0.00000
345.20000,0.00000
345.30000,0.00000
345.40000,0.00000
345.50000,0.00000
345.60000,0.00000
345.70000,0.00000
345.80000,0.00000
345.90000,0.00000
346.00000,0.00000
346.10000,0.00000
346.20000,0.00000
346.30000,0.00000
346.40000,0.00000
346.50000,0.00000
346.60000,0.00000
346.70000,0.00000
346.80000,0.00000
346.90000,0.00000
347.00000,0.00000
347.10000,0.00000
347.20000,0.00000
347.30000,0.00000
347.40000,0.00000
347.50000,0.00000
347.60000,0.00000
347.70000,0.00000
347.80000,0.00000
347.90000,0.00000
348.00000,0.00000
348.10000,0.00000
348.20000,0.00000
348.30000,0.00000
348.40000,0.00000
348.50000,0.00000
348.60000,0.00000
348.70000,0.00000
348.80000,0.00000
348.90000,0.00000
349.00000,0.00000
349.10000,0.00000
349.20000,0.00000
349.30000,0.00000
349.40000,0.00000
349.50000,0.00000
349.60000,0.00000
349.70000,0.00000
349.80000,0.00000
349.90000,0.00000
350.00000,0.00000
350.10000,0.00000
350.20000,0.00000
350.30000,0.00000
350.40000,0.00000
350.50000,0.00000
350.60000,0.00000
350.70000,0.00000
350.80000,0.00000
350.90000,0.00000
351.00000,0.00000
351.10000,0.00000
351.20000,0.00000
351.30000,0.00000
351.40000,0.00000
351.50000,0.00000
351.60000,0.00000
351.70000,0.00000
351.80000,0.00000
351.90000,0.00000
352.00000,0.00000
352.10000,0.00000
352.20000,0.00000
352.30000,0.00000
352.40000,0.00000
352.50000,0.00000
352.60000,0.00000
352.70000,0.00000
352.80000,0.00000
352.90000,0.00000
353.00000,0.00000
353.10000,0.00000
353.20000,0.00000
353.30000,0.00000
353.40000,0.00000
353.50000,0.00000
353.60000,0.00000
353.70000,0.00000
353.80000,0.00000
353.90000,0.00000
354.00000,0.00000
354.10000,0.00000
354.20000,0.00000
354.30000,0.00000
354.40000,0.00000
354.50000,0.00000
354.60000,0.00000
354.70000,0.00000
354.80000,0.00000
354.90000,0.00000
355.00000,0.00000
355.10000,0.00000
355.20000,0.00000
355.30000,0.00000
355.40000,0.00000
355.50000,0.00000
355.60000,0.00000
355.70000,0.00000
355.80000,0.00000
355.90000,0.00000
356.00000,0.00000
356.10000,0.00000
356.20000,0.00000
356.30000,0.00000
356.40000,0.00000
356.50000,0.00000
356.60000,0.00000
356.70000,0.00000
356.80000,0.00000
356.90000,0.00000
357.00000,0.00000
357.10000,0.00000
357.20000,0.00000
357.30000,0.00000
357.40000,0.00000
357.50000,0.00000
357.60000,0.00000
357.70000,0.00000
357.80000,0.00000
357.90000,0.00000
358.00000,0.00000
358.10000,0.00000
358.20000,0.00000
358.30000,0.00000
358.40000,0.00000
358.50000,0.00000
358.60000,0.00000
358.70000,0.00000
358.80000,0.00000
358.90000,0.00000
359.00000,0.00000
359.10000,0.00000
359.20000,0.00000
359.30000,0.00000
359.40000,0.00000
359.50000,0.00000
359.60000,0.00000
359.70000,0.00000
359.80000,0.00000
359.90000,0.00000
360.00000,0.00000
360.10000,0.00000
360.20000,0.00000
360.30000,0.00000
360.40000,0.00000
360.50000,0.00000
360.60000,0.00000
360.70000,0.00000
360.80000,0.00000
360.90000,0.00000
361.00000,0.00000
361.10000,0.00000
361.20000,0.00000
361.30000,0.00000
361.40000,0.00000
361.50000,0.00000
361.60000,0.00000
361.70000,0.00000
361.80000,0.00000
361.90000,0.00000
362.00000,0.00000
362.10000,0.00000
362.20000,0.00000
362.30000,0.00000
362.40000,0.00000
362.50000,0.00000
362.60000,0.00000
362.70000,0.00000
362.80000,0.00000
362.90000,0.00000
363.00000,0.00000
363.10000,0.00000
363.20000,0.00000
363.30000,0.00000
363.40000,0.00000
363.50000,0.00000
363.60000,0.00000
363.70000,0.00000
363.80000,0.00000
363.90000,0.00000
364.00000,0.00000
364.10000,0.00000
364.20000,0.00000
364.30000,0.00000
364.40000,0.00000
364.50000,0.00000
364.60000,0.00000
364.70000,0.00000
364.80000,0.00000
364.90000,0.00000
365.00000,0.00000
365.10000,0.00000
365.20000,0.00000
365.30000,0.00000
365.40000,0.00000
365.50000,0.00000
365.60000,0.00000
365.70000,0.00000
365.80000,0.00000
365.90000,0.00000
366.00000,0.00000
366.10000,0.00000
366.20000,0.00000
366.30000,0.00000
366.40000,0.00000
366.50000,0.00000
366.60000,0.00000
366.70000,0.00000
366.80000,0.00000
366.90000,0.00000
367.00000,0.00000
367.10000,0.00000
367.20000,0.00000
367.30000,0.00000
367.40000,0.00000
367.50000,0.00000
367.60000,0.00000
367.70000,0.00000
367.80000,0.00000
367.90000,0.00000
368.00000,0.00000
368.10000,0.00000
368.20000,0.00000
368.30000,0.00000
368.40000,0.00000
368.50000,0.00000
368.60000,0.00000
368.70000,0.00000
368.80000,0.00000
368.90000,0.00000
369.00000,0.00000
369.10000,0.00000
369.20000,0.00000
369.30000,0.00000
369.40000,0.00000
369.50000,0.00000
369.60000,0.00000
369.70000,0.00000
369.80000,0.00000
369.90000,0.00000
370.00000,0.00000
370.10000,0.00000
370.20000,0.00000
370.30000,0.00000
370.40000,0.00000
370.50000,0.00000
370.60000,0.00000
370.70000,0.00000
370.80000,0.00000
370.90000,0.00000
371.00000,0.00000
371.10000,0.00000
371.20000,0.00000
371.30000,0.00000
371.40000,0.00000
371.50000,0.00000
371.60000,0.00000
371.70000,0.00000
371.80000,0.00000
371.90000,0.00000
372.00000,0.00000
372.10000,0.00000
372.20000,0.00000
372.30000,0.00000
372.40000,0.00000
372.50000,0.00000
372.60000,0.00000
372.70000,0.00000
372.80000,0.00000
372.90000,0.00000
373.00000,0.00000
373.10000,0.00000
373.20000,0.00000
373.30000,0.00000
373.40000,0.00000
373.50000,0.00000
373.60000,0.00000
373.70000,0.00000
373.80000,0.00000
373.90000,0.00000
374.00000,0.00000
374.10000,0.00000
374.20000,0.00000
374.30000,0.00000
374.40000,0.00000
374.50000,0.00000
374.60000,0.00000
374.70000,0.00000
374.80000,0.00000
374.90000,0.00000
375.00000,0.00000
375.10000,0.00000
375.20000,0.00000
375.30000,0.00000
375.40000,0.00000
375.50000,0.00000
375.60000,0.00000
375.70000,0.00000
375.80000,0.00000
375.90000,0.00000
376.00000,0.00000
376.10000,0.00000
376.20000,0.00000
376.30000,0.00000
376.40000,0.00000
376.50000,0.00000
376.60000,0.00000
376.70000,0.00000
376.80000,0.00000
376.90000,0.00000
377.00000,0.00000
377.10000,0.00000
377.20000,0.00000
377.30000,0.00000
377.40000,0.00000
377.50000,0.00000
377.60000,0.00000
377.70000,0.00000
377.80000,0.00000
377.90000,0.00000
378.00000,0.00000
378.10000,0.00000
378.20000,0.00000
378.30000,0.00000
378.40000,0.00000
378.50000,0.00000
378.60000,0.00000
378.70000,0.00000
378.80000,0.00000
378.90000,0.00000
379.00000,0.00000
379.10000,0.00000
379.20000,0.00000
379.30000,0.00000
379.40000,0.00000
379.50000,0.00000
379.60000,0.00000
379.70000,0.00000
379.80000,0.00000
379.90000,0.00000
380.00000,0.00000
380.10000,0.00000
380.20000,0.00000
380.30000,0.00000
380.40000,0.00000
380.50000,0.00000
380.60000,0.00000
380.70000,0.00000
380.80000,0.00000
380.90000,0.00000
381.00000,0.00000
381.10000,0.00000
381.20000,0.00000
381.30000,0.00000
381.40000,0.00000
381.50000,0.00000
381.60000,0.00000
381.70000,0.00000
381.80000,0.00000
381.90000,0.00000
382.00000,0.00000
382.10000,0.00000
382.20000,0.00000
382.30000,0.00000
382.40000,0.00000
382.50000,0.00000
382.60000,0.00000
382.70000,0.00000
382.80000,0.00000
382.90000,0.00000
383.00000,0.00000
383.10000,0.00000
383.20000,0.00000
383.30000,0.00000
383.40000,0.00000
383.50000,0.00000
383.60000,0.00000
383.70000,0.00000
383.80000,0.00000
383.90000,0.00000
384.00000,0.00000
384.10000,0.00000
384.20000,0.00000
384.30000,0.00000
384.40000,0.00000
384.50000,0.00000
384.60000,0.00000
384.70000,0.00000
384.80000,0.00000
384.90000,0.00000
385.00000,0.00000
385.10000,0.00000
385.20000,0.00000
385.30000,0.00000
385.40000,0.00000
385.50000,0.00000
385.60000,0.00000
385.70000,0.00000
385.80000,0.00000
385.90000,0.00000
386.00000,0.00000
386.10000,0.00000
386.20000,0.00000
386.30000,0.00000
386.40000,0.00000
386.50000,0.00000
386.60000,0.00000
386.70000,0.00000
386.80000,0.00000
386.90000,0.00000
387.00000,0.00000
387.10000,0.00000
387.20000,0.00000
387.30000,0.00000
387.40000,0.00000
387.50000,0.00000
387.60000,0.00000
387.70000,0.00000
387.80000,0.00000
387.90000,0.00000
388.00000,0.00000
388.10000,0.00000
388.20000,0.00000
388.30000,0.00000
388.40000,0.00000
388.50000,0.00000
388.60000,0.00000
388.70000,0.00000
388.80000,0.00000
388.90000,0.00000
389.00000,0.00000
389.10000,0.00000
389.20000,0.00000
389.30000,0.00000
389.40000,0.00000
389.50000,0.00000
389.60000,0.00000
389.70000,0.00000
389.80000,0.00000
389.90000,0.00000
390.00000,0.00000
390.10000,0.00000
390.20000,0.00000
390.30000,0.00000
390.40000,0.00000
390.50000,0.00000
390.60000,0.00000
390.70000,0.00000
390.80000,0.00000
390.90000,0.00000
391.00000,0.00000
391.10000,0.00000
391.20000,0.00000
391.30000,0.00000
391.40000,0.00000
391.50000,0.00000
391.60000,0.00000
391.70000,0.00000
391.80000,0.00000
391.90000,0.00000
392.00000,0.00000
392.10000,0.00000
392.20000,0.00000
392.30000,0.00000
392.40000,0.00000
392.50000,0.00000
392.60000,0.00000
392.70000,0.00000
392.80000,0.00000
392.90000,0.00000
393.00000,0.00000
393.10000,0.00000
393.20000,0.00000
393.30000,0.00000
393.40000,0.00000
393.50000,0.00000
393.60000,0.00000
393.70000,0.00000
393.80000,0.00000
393.90000,0.00000
394.00000,0.00000
394.10000,0.00000
394.20000,0.00000
394.30000,0.00000
394.40000,0.00000
394.50000,0.00000
394.60000,0.00000
394.70000,0.00000
394.80000,0.00000
394.90000,0.00000
395.00000,0.00000
395.10000,0.00000
395.20000,0.00000
395.30000,0.00000
395.40000,0.00000
395.50000,0.00000
395.60000,0.00000
395.70000,0.00000
395.80000,0.00000
395.90000,0.00000
396.00000,0.00000
396.10000,0.00000
396.20000,0.00000
396.30000,0.00000
396.40000,0.00000
396.50000,0.00000
396.60000,0.00000
396.70000,0.00000
396.80000,0.00000
396.90000,0.00000
397.00000,0.00000
397.10000,0.00000
397.20000,0.00000
397.30000,0.00000
397.40000,0.00000
397.50000,0.00000
397.60000,0.00000
397.70000,0.00000
397.80000,0.00000
397.90000,0.00000
398.00000,0.00000
398.10000,0.00000
398.20000,0.00000
398.30000,0.00000
398.40000,0.00000
398.50000,0.00000
398.60000,0.00000
398.70000,0.00000
398.80000,0.00000
398.90000,0.00000
399.00000,0.00000
399.10000,0.00000
399.20000,0.00000
399.30000,0.00000
399.40000,0.00000
399.50000,0.00000
399.60000,0.00000
399.70000,0.00000
399.80000,0.00000
399.90000,0.00000
400.00000,0.00000
400.10000,0.00000
400.20000,0.00000
400.30000,0.00000
400.40000,0.00000
400.50000,0.00000
400.60000,0.00000
400.70000,0.00000
400.80000,0.00000
400.90000,0.00000
401.00000,0.00000
401.10000,0.00000
401.20000,0.00000
401.30000,0.00000
401.40000,0.00000
401.50000,0.00000
401.60000,0.00000
401.70000,0.00000
401.80000,0.00000
401.90000,0.00000
402.00000,0.00000
402.10000,0.00000
402.20000,0.00000
402.30000,0.00000
402.40000,0.00000
402.50000,0.00000
402.60000,0.00000
402.70000,0.00000
402.80000,0.00000
402.90000,0.00000
403.00000,0.00000
403.10000,0.00000
403.20000,0.00000
403.30000,0.00000
403.40000,0.00000
403.50000,0.00000
403.60000,0.00000
403.70000,0.00000
403.80000,0.00000
403.90000,0.00000
404.00000,0.00000
404.10000,0.00000
404.20000,0.00000
404.30000,0.00000
404.40000,0.00000
404.50000,0.00000
404.60000,0.00000
404.70000,0.00000
404.80000,0.00000
404.90000,0.00000
405.00000,0.00000
405.10000,0.00000
405.20000,0.00000
405.30000,0.00000
405.40000,0.00000
405.50000,0.00000
405.60000,0.00000
405.70000,0.00000
405.80000,0.00000
405.90000,0.00000
406.00000,0.00000
406.10000,0.00000
406.20000,0.00000
406.30000,0.00000
406.40000,0.00000
406.50000,0.00000
406.60000,0.00000
406.70000,0.00000
406.80000,0.00000
406.90000,0.00000
407.00000,0.00000
407.10000,0.00000
407.20000,0.00000
407.30000,0.00000
407.40000,0.00000
407.50000,0.00000
407.60000,0.00000
407.70000,0.00000
407.80000,0.00000
407.90000,0.00000
408.00000,0.00000
408.10000,0.00000
408.20000,0.00000
408.30000,0.00000
408.40000,0.00000
408.50000,0.00000
408.60000,0.00000
408.70000,0.00000
408.80000,0.00000
408.90000,0.00000
409.00000,0.00000
409.10000,0.00000
409.20000,0.00000
409.30000,0.00000
409.40000,0.00000
409.50000,0.00000
409.60000,0.00000
409.70000,0.00000
409.80000,0.00000
409.90000,0.00000
410.00000,0.00000
410.10000,0.00000
410.20000,0.00000
410.30000,0.00000
410.40000,0.00000
410.50000,0.00000
410.60000,0.00000
410.70000,0.00000
410.80000,0.00000
410.90000,0.00000
411.00000,0.00000
411.10000,0.00000
411.20000,0.00000
411.30000,0.00000
411.40000,0.00000
411.50000,0.00000
411.60000,0.00000
411.70000,0.00000
411.80000,0.00000
411.90000,0.00000
412.00000,0.00000
412.10000,0.00000
412.20000,0.00000
412.30000,0.00000
412.40000,0.00000
412.50000,0.00000
412.60000,0.00000
412.70000,0.00000
412.80000,0.00000
412.90000,0.00000
413.00000,0.00000
413.10000,0.00000
413.20000,0.00000
413.30000,0.00000
413.40000,0.00000
413.50000,0.00000
413.60000,0.00000
413.70000,0.00000
413.80000,0.00000
413.90000,0.00000
414.00000,0.00000
414.10000,0.00000
414.20000,0.00000
414.30000,0.00000
414.40000,0.00000
414.50000,0.00000
414.60000,0.00000
414.70000,0.00000
414.80000,0.00000
414.90000,0.00000
415.00000,0.00000
415.10000,0.00000
415.20000,0.00000
415.30000,0.00000
415.40000,0.00000
415.50000,0.00000
415.60000,0.00000
415.70000,0.00000
415.80000,0.00000
415.90000,0.00000
416.00000,0.00000
416.10000,0.00000
416.20000,0.00000
416.30000,0.00000
416.40000,0.00000
416.50000,0.00000
416.60000,0.00000
416.70000,0.00000
416.80000,0.00000
416.90000,0.00000
417.00000,0.00000
417.10000,0.00000
417.20000,0.00000
417.30000,0.00000
417.40000,0.00000
417.50000,0.00000
417.60000,0.00000
417.70000,0.00000
417.80000,0.00000
417.90000,0.00000
418.00000,0.00000
418.10000,0.00000
418.20000,0.00000
418.30000,0.00000
418.40000,0.00000
418.50000,0.00000
418.60000,0.00000
418.70000,0.00000
418.80000,0.00000
418.90000,0.00000
419.00000,0.00000
419.10000,0.00000
419.20000,0.00000
419.30000,0.00000
419.40000,0.00000
419.50000,0.00000
419.60000,0.00000
419.70000,0.00000
419.80000,0.00000
419.90000,0.00000
420.00000,0.00000
420.10000,0.00000
420.20000,0.00000
420.30000,0.00000
420.40000,0.00000
420.50000,0.00000
420.60000,0.00000
420.70000,0.00000
420.80000,0.00000
420.90000,0.00000
421.00000,0.00000
421.10000,0.00000
421.20000,0.00000
421.30000,0.00000
421.40000,0.00000
421.50000,0.00000
421.60000,0.00000
421.70000,0.00000
421.80000,0.00000
421.90000,0.00000
422.00000,0.00000
422.10000,0.00000
422.20000,0.00000
422.30000,0.00000
422.40000,0.00000
422.50000,0.00000
422.60000,0.00000
422.70000,0.00000
422.80000,0.00000
422.90000,0.00000
423.00000,0.00000
423.10000,0.00000
423.20000,0.00000
423.30000,0.00000
423.40000,0.00000
423.50000,0.00000
423.60000,0.00000
423.70000,0.00000
423.80000,0.00000
423.90000,0.00000
424.00000,0.00000
424.10000,0.00000
424.20000,0.00000
424.30000,0.00000
424.40000,0.00000
424.50000,0.00000
424.60000,0.00000
424.70000,0.00000
424.80000,0.00000
424.90000,0.00000
425.00000,0.00000
425.10000,0.00000
425.20000,0.00000
425.30000,0.00000
425.40000,0.00000
425.50000,0.00000
425.60000,0.00000
425.70000,0.00000
425.80000,0.00000
425.90000,0.00000
426.00000,0.00000
426.10000,0.00000
426.20000,0.00000
426.30000,0.00000
426.40000,0.00000
426.50000,0.00000
426.60000,0.00000
426.70000,0.00000
426.80000,0.00000
426.90000,0.00000
427.00000,0.00000
427.10000,0.00000
427.20000,0.00000
427.30000,0.00000
427.40000,0.00000
427.50000,0.00000
427.60000,0.00000
427.70000,0.00000
427.80000,0.00000
427.90000,0.00000
428.00000,0.00000
428.10000,0.00000
428.20000,0.00000
428.30000,0.00000
428.40000,0.00000
428.50000,0.00000
428.60000,0.00000
428.70000,0.00000
428.80000,0.00000
428.90000,0.00000
429.00000,0.00000
429.10000,0.00000
429.20000,0.00000
429.30000,0.00000
429.40000,0.00000
429.50000,0.00000
429.60000,0.00000
429.70000,0.00000
429.80000,0.00000
429.90000,0.00000
430.00000,0.00000
430.10000,0.00000
430.20000,0.00000
430.30000,0.00000
430.40000,0.00000
430.50000,0.00000
430.60000,0.00000
430.70000,0.00000
430.80000,0.00000
430.90000,0.00000
431.00000,0.00000
431.10000,0.00000
431.20000,0.00000
431.30000,0.00000
431.40000,0.00000
431.50000,0.00000
431.60000,0.00000
431.70000,0.00000
431.80000,0.00000
431.90000,0.00000
432.00000,0.00000
432.10000,0.00000
432.20000,0.00000
432.30000,0.00000
432.40000,0.00000
432.50000,0.00000
432.60000,0.00000
432.70000,0.00000
432.80000,0.00000
432.90000,0.00000
433.00000,0.00000
433.10000,0.00000
433.20000,0.00000
433.30000,0.00000
433.40000,0.00000
433.50000,0.00000
433.60000,0.00000
433.70000,0.00000
433.80000,0.00000
433.90000,0.00000
434.00000,0.00000
434.10000,0.00000
434.20000,0.00000
434.30000,0.00000
434.40000,0.00000
434.50000,0.00000
434.60000,0.00000
434.70000,0.00000
434.80000,0.00000
434.90000,0.00000
435.00000,0.00000
435.10000,0.00000
435.20000,0.00000
435.30000,0.00000
435.40000,0.00000
435.50000,0.00000
435.60000,0.00000
435.70000,0.00000
435.80000,0.00000
435.90000,0.00000
436.00000,0.00000
436.10000,0.00000
436.20000,0.00000
436.30000,0.00000
436.40000,0.00000
436.50000,0.00000
436.60000,0.00000
436.70000,0.00000
436.80000,0.00000
436.90000,0.00000
437.00000,0.00000
437.10000,0.00000
437.20000,0.00000
437.30000,0.00000
437.40000,0.00000
437.50000,0.00000
437.60000,0.00000
437.70000,0.00000
437.80000,0.00000
437.90000,0.00000
438.00000,0.00000
438.10000,0.00000
438.20000,0.00000
438.30000,0.00000
438.40000,0.00000
438.50000,0.00000
438.60000,0.00000
438.70000,0.00000
438.80000,0.00000
438.90000,0.00000
439.00000,0.00000
439.10000,0.00000
439.20000,0.00000
439.30000,0.00000
439.40000,0.00000
439.50000,0.00000
439.60000,0.00000
439.70000,0.00000
439.80000,0.00000
439.90000,0.00000
440.00000,0.00000
440.10000,0.00000
440.20000,0.00000
440.30000,0.00000
440.40000,0.00000
440.50000,0.00000
440.60000,0.00000
440.70000,0.00000
440.80000,0.00000
440.90000,0.00000
441.00000,0.00000
441.10000,0.00000
441.20000,0.00000
441.30000,0.00000
441.40000,0.00000
441.50000,0.00000
441.60000,0.00000
441.70000,0.00000
441.80000,0.00000
441.90000,0.00000
442.00000,0.00000
442.10000,0.00000
442.20000,0.00000
442.30000,0.00000
442.40000,0.00000
442.50000,0.00000
442.60000,0.00000
442.70000,0.00000
442.80000,0.00000
442.90000,0.00000
443.00000,0.00000
443.10000,0.00000
443.20000,0.00000
443.30000,0.00000
443.40000,0.00000
443.50000,0.00000
443.60000,0.00000
443.70000,0.00000
443.80000,0.00000
443.90000,0.00000
444.00000,0.00000
444.10000,0.00000
444.20000,0.00000
444.30000,0.00000
444.40000,0.00000
444.50000,0.00000
444.60000,0.00000
444.70000,0.00000
444.80000,0.00000
444.90000,0.00000
445.00000,0.00000
445.10000,0.00000
445.20000,0.00000
445.30000,0.00000
445.40000,0.00000
445.50000,0.00000
445.60000,0.00000
445.70000,0.00000
445.80000,0.00000
445.90000,0.00000
446.00000,0.00000
446.10000,0.00000
446.20000,0.00000
446.30000,0.00000
446.40000,0.00000
446.50000,0.00000
446.60000,0.00000
446.70000,0.00000
446.80000,0.00000
446.90000,0.00000
447.00000,0.00000
447.10000,0.00000
447.20000,0.00000
447.30000,0.00000
447.40000,0.00000
447.50000,0.00000
447.60000,0.00000
447.70000,0.00000
447.80000,0.00000
447.90000,0.00000
448.00000,0.00000
448.10000,0.00000
448.20000,0.00000
448.30000,0.00000
448.40000,0.00000
448.50000,0.00000
448.60000,0.00000
448.70000,0.00000
448.80000,0.00000
448.90000,0.00000
449.00000,0.00000
449.10000,0.00000
449.20000,0.00000
449.30000,0.00000
449.40000,0.00000
449.50000,0.00000
449.60000,0.00000
449.70000,0.00000
449.80000,0.00000
449.90000,0.00000
450.00000,0.00000
450.10000,0.00000
450.20000,0.00000
450.30000,0.00000
450.40000,0.00000
450.50000,0.00000
450.60000,0.00000
450.70000,0.00000
450.80000,0.00000
450.90000,0.00000
451.00000,0.00000
451.10000,0.00000
451.20000,0.00000
451.30000,0.00000
451.40000,0.00000
451.50000,0.00000
451.60000,0.00000
451.70000,0.00000
451.80000,0.00000
451.90000,0.00000
452.00000,0.00000
452.10000,0.00000
452.20000,0.00000
452.30000,0.00000
452.40000,0.00000
452.50000,0.00000
452.60000,0.00000
452.70000,0.00000
452.80000,0.00000
452.90000,0.00000
453.00000,0.00000
453.10000,0.00000
453.20000,0.00000
453.30000,0.00000
453.40000,0.00000
453.50000,0.00000
453.60000,0.00000
453.70000,0.00000
453.80000,0.00000
453.90000,0.00000
454.00000,0.00000
454.10000,0.00000
454.20000,0.00000
454.30000,0.00000
454.40000,0.00000
454.50000,0.00000
454.60000,0.00000
454.70000,0.00000
454.80000,0.00000
454.90000,0.00000
455.00000,0.00000
455.10000,0.00000
455.20000,0.00000
455.30000,0.00000
455.40000,0.00000
455.50000,0.00000
455.60000,0.00000
455.70000,0.00000
455.80000,0.00000
455.90000,0.00000
456.00000,0.00000
456.10000,0.00000
456.20000,0.00000
456.30000,0.00000
456.40000,0.00000
456.50000,0.00000
456.60000,0.00000
456.70000,0.00000
456.80000,0.00000
456.90000,0.00000
457.00000,0.00000
457.10000,0.00000
457.20000,0.00000
457.30000,0.00000
457.40000,0.00000
457.50000,0.00000
457.60000,0.00000
457.70000,0.00000
457.80000,0.00000
457.90000,0.00000
458.00000,0.00000
458.10000,0.00000
458.20000,0.00000
458.30000,0.00000
458.40000,0.00000
458.50000,0.00000
458.60000,0.00000
458.70000,0.00000
458.80000,0.00000
458.90000,0.00000
459.00000,0.00000
459.10000,0.00000
459.20000,0.00000
459.30000,0.00000
459.40000,0.00000
459.50000,0.00000
459.60000,0.00000
459.70000,0.00000
459.80000,0.00000
459.90000,0.00000
460.00000,0.00000
460.10000,0.00000
460.20000,0.00000
460.30000,0.00000
460.40000,0.00000
460.50000,0.00000
460.60000,0.00000
460.70000,0.00000
460.80000,0.00000
460.90000,0.00000
461.00000,0.00000
461.10000,0.00000
461.20000,0.00000
461.30000,0.00000
461.40000,0.00000
461.50000,0.00000
461.60000,0.00000
461.70000,0.00000
461.80000,0.00000
461.90000,0.00000
462.00000,0.00000
462.10000,0.00000
462.20000,0.00000
462.30000,0.00000
462.40000,0.00000
462.50000,0.00000
462.60000,0.00000
462.70000,0.00000
462.80000,0.00000
462.90000,0.00000
463.00000,0.00000
463.10000,0.00000
463.20000,0.00000
463.30000,0.00000
463.40000,0.00000
463.50000,0.00000
463.60000,0.00000
463.70000,0.00000
463.80000,0.00000
463.90000,0.00000
464.00000,0.00000
464.10000,0.00000
464.20000,0.00000
464.30000,0.00000
464.40000,0.00000
464.50000,0.00000
464.60000,0.00000
464.70000,0.00000
464.80000,0.00000
464.90000,0.00000
465.00000,0.00000
465.10000,0.00000
465.20000,0.00000
465.30000,0.00000
465.40000,0.00000
465.50000,0.00000
465.60000,0.00000
465.70000,0.00000
465.80000,0.00000
465.90000,0.00000
466.00000,0.00000
466.10000,0.00000
466.20000,0.00000
466.30000,0.00000
466.40000,0.00000
466.50000,0.00000
466.60000,0.00000
466.70000,0.00000
466.80000,0.00000
466.90000,0.00000
467.00000,0.00000
467.10000,0.00000
467.20000,0.00000
467.30000,0.00000
467.40000,0.00000
467.50000,0.00000
467.60000,0.00000
467.70000,0.00000
467.80000,0.00000
467.90000,0.00000
468.00000,0.00000
468.10000,0.00000
468.20000,0.00000
468.30000,0.00000
468.40000,0.00000
468.50000,0.00000
468.60000,0.00000
468.70000,0.00000
468.80000,0.00000
468.90000,0.00000
469.00000,0.00000
469.10000,0.00000
469.20000,0.00000
469.30000,0.00000
469.40000,0.00000
469.50000,0.00000
469.60000,0.00000
469.70000,0.00000
469.80000,0.00000
469.90000,0.00000
470.00000,0.00000
470.10000,0.00000
470.20000,0.00000
470.30000,0.00000
470.40000,0.00000
470.50000,0.00000
470.60000,0.00000
470.70000,0.00000
470.80000,0.00000
470.90000,0.00000
471.00000,0.00000
471.10000,0.00000
471.20000,0.00000
471.30000,0.00000
471.40000,0.00000
471.50000,0.00000
471.60000,0.00000
471.70000,0.00000
471.80000,0.00000
471.90000,0.00000
472.00000,0.00000
472.10000,0.00000
472.20000,0.00000
472.30000,0.00000
472.40000,0.00000
472.50000,0.00000
472.60000,0.00000
472.70000,0.00000
472.80000,0.00000
472.90000,0.00000
473.00000,0.00000
473.10000,0.00000
473.20000,0.00000
473.30000,0.00000
473.40000,0.00000
473.50000,0.00000
473.60000,0.00000
473.70000,0.00000
473.80000,0.00000
473.90000,0.00000
474.00000,0.00000
474.10000,0.00000
474.20000,0.00000
474.30000,0.00000
474.40000,0.00000
474.50000,0.00000
474.60000,0.00000
474.70000,0.00000
474.80000,0.00000
474.90000,0.00000
475.00000,0.00000
475.10000,0.00000
475.20000,0.00000
475.30000,0.00000
475.40000,0.00000
475.50000,0.00000
475.60000,0.00000
475.70000,0.00000
475.80000,0.00000
475.90000,0.00000
476.00000,0.00000
476.10000,0.00000
476.20000,0.00000
476.30000,0.00000
476.40000,0.00000
476.50000,0.00000
476.60000,0.00000
476.70000,0.00000
476.80000,0.00000
476.90000,0.00000
477.00000,0.00000
477.10000,0.00000
477.20000,0.00000
477.30000,0.00000
477.40000,0.00000
477.50000,0.00000
477.60000,0.00000
477.70000,0.00000
477.80000,0.00000
477.90000,0.00000
478.00000,0.00000
478.10000,0.00000
478.20000,0.00000
478.30000,0.00000
478.40000,0.00000
478.50000,0.00000
478.60000,0.00000
478.70000,0.00000
478.80000,0.00000
478.90000,0.00000
479.00000,0.00000
479.10000,0.00000
479.20000,0.00000
479.30000,0.00000
479.40000,0.00000
479.50000,0.00000
479.60000,0.00000
479.70000,0.00000
479.80000,0.00000
479.90000,0.00000
480.00000,0.00000
480.10000,0.00000
480.20000,0.00000
480.30000,0.00000
480.40000,0.00000
480.50000,0.00000
480.60000,0.00000
480.70000,0.00000
480.80000,0.00000
480.90000,0.00000
481.00000,0.00000
481.10000,0.00000
481.20000,0.00000
481.30000,0.00000
481.40000,0.00000
481.50000,0.00000
481.60000,0.00000
481.70000,0.00000
481.80000,0.00000
481.90000,0.00000
482.00000,0.00000
482.10000,0.00000
482.20000,0.00000
482.30000,0.00000
482.40000,0.00000
482.50000,0.00000
482.60000,0.00000
482.70000,0.00000
482.80000,0.00000
482.90000,0.00000
483.00000,0.00000
483.10000,0.00000
483.20000,0.00000
483.30000,0.00000
483.40000,0.00000
483.50000,0.00000
483.60000,0.00000
483.70000,0.00000
483.80000,0.00000
483.90000,0.00000
484.00000,0.00000
484.10000,0.00000
484.20000,0.00000
484.30000,0.00000
484.40000,0.00000
484.50000,0.00000
484.60000,0.00000
484.70000,0.00000
484.80000,0.00000
484.90000,0.00000
485.00000,0.00000
485.10000,0.00000
485.20000,0.00000
485.30000,0.00000
485.40000,0.00000
485.50000,0.00000
485.60000,0.00000
485.70000,0.00000
485.80000,0.00000
485.90000,0.00000
486.00000,0.00000
486.10000,0.00000
486.20000,0.00000
486.30000,0.00000
486.40000,0.00000
486.50000,0.00000
486.60000,0.00000
486.70000,0.00000
486.80000,0.00000
486.90000,0.00000
487.00000,0.00000
487.10000,0.00000
487.20000,0.00000
487.30000,0.00000
487.40000,0.00000
487.50000,0.00000
487.60000,0.00000
487.70000,0.00000
487.80000,0.00000
487.90000,0.00000
488.00000,0.00000
488.10000,0.00000
488.20000,0.00000
488.30000,0.00000
488.40000,0.00000
488.50000,0.00000
488.60000,0.00000
488.70000,0.00000
488.80000,0.00000
488.90000,0.00000
489.00000,0.00000
489.10000,0.00000
489.20000,0.00000
489.30000,0.00000
489.40000,0.00000
489.50000,0.00000
489.60000,0.00000
489.70000,0.00000
489.80000,0.00000
489.90000,0.00000
490.00000,0.00000
490.10000,0.00000
490.20000,0.00000
490.30000,0.00000
490.40000,0.00000
490.50000,0.00000
490.60000,0.00000
490.70000,0.00000
490.80000,0.00000
490.90000,0.00000
491.00000,0.00000
491.10000,0.00000
491.20000,0.00000
491.30000,0.00000
491.40000,0.00000
491.50000,0.00000
491.60000,0.00000
491.70000,0.00000
491.80000,0.00000
491.90000,0.00000
492.00000,0.00000
492.10000,0.00000
492.20000,0.00000
492.30000,0.00000
492.40000,0.00000
492.50000,0.00000
492.60000,0.00000
492.70000,0.00000
492.80000,0.00000
492.90000,0.00000
493.00000,0.00000
493.10000,0.00000
493.20000,0.00000
493.30000,0.00000
493.40000,0.00000
493.50000,0.00000
493.60000,0.00000
493.70000,0.00000
493.80000,0.00000
493.90000,0.00000
494.00000,0.00000
494.10000,0.00000
494.20000,0.00000
494.30000,0.00000
494.40000,0.00000
494.50000,0.00000
494.60000,0.00000
494.70000,0.00000
494.80000,0.00000
494.90000,0.00000
495.00000,0.00000
495.10000,0.00000
495.20000,0.00000
495.30000,0.00000
495.40000,0.00000
495.50000,0.00000
495.60000,0.00000
495.70000,0.00000
495.80000,0.00000
495.90000,0.00000
496.00000,0.00000
496.10000,0.00000
496.20000,0.00000
496.30000,0.00000
496.40000,0.00000
496.50000,0.00000
496.60000,0.00000
496.70000,0.00000
496.80000,0.00000
496.90000,0.00000
497.00000,0.00000
497.10000,0.00000
497.20000,0.00000
497.30000,0.00000
497.40000,0.00000
497.50000,0.00000
497.60000,0.00000
497.70000,0.00000
497.80000,0.00000
497.90000,0.00000
498.00000,0.00000
498.10000,0.00000
498.20000,0.00000
498.30000,0.00000
498.40000,0.00000
498.50000,0.00000
498.60000,0.00000
498.70000,0.00000
498.80000,0.00000
498.90000,0.00000
499.00000,0.00000
499.10000,0.00000
499.20000,0.00000
499.30000,0.00000
499.40000,0.00000
499.50000,0.00000
499.60000,0.00000
499.70000,0.00000
499.80000,0.00000
499.90000,0.00000
500.00000,0.00000
500.10000,0.00000
500.20000,0.00000
500.30000,0.00000
500.40000,0.00000
500.50000,0.00000
500.60000,0.00000
500.70000,0.00000
500.80000,0.00000
500.90000,0.00000
501.00000,0.00000
501.10000,0.00000
501.20000,0.00000
501.30000,0.00000
501.40000,0.00000
501.50000,0.00000
501.60000,0.00000
501.70000,0.00000
501.80000,0.00000
501.90000,0.00000
502.00000,0.00000
502.10000,0.00000
502.20000,0.00000
502.30000,0.00000
502.40000,0.00000
502.50000,0.00000
502.60000,0.00000
502.70000,0.00000
502.80000,0.00000
502.90000,0.00000
503.00000,0.00000
503.10000,0.00000
503.20000,0.00000
503.30000,0.00000
503.40000,0.00000
503.50000,0.00000
503.60000,0.00000
503.70000,0.00000
503.80000,0.00000
503.90000,0.00000
504.00000,0.00000
504.10000,0.00000
504.20000,0.00000
504.30000,0.00000
504.40000,0.00000
504.50000,0.00000
504.60000,0.00000
504.70000,0.00000
504.80000,0.00000
504.90000,0.00000
505.00000,0.00000
505.10000,0.00000
505.20000,0.00000
505.30000,0.00000
505.40000,0.00000
505.50000,0.00000
505.60000,0.00000
505.70000,0.00000
505.80000,0.00000
505.90000,0.00000
506.00000,0.00000
506.10000,0.00000
506.20000,0.00000
506.30000,0.00000
506.40000,0.00000
506.50000,0.00000
506.60000,0.00000
506.70000,0.00000
506.80000,0.00000
506.90000,0.00000
507.00000,0.00000
507.10000,0.00000
507.20000,0.00000
507.30000,0.00000
507.40000,0.00000
507.50000,0.00000
507.60000,0.00000
507.70000,0.00000
507.80000,0.00000
507.90000,0.00000
508.00000,0.00000
508.10000,0.00000
508.20000,0.00000
508.30000,0.00000
508.40000,0.00000
508.50000,0.00000
508.60000,0.00000
508.70000,0.00000
508.80000,0.00000
508.90000,0.00000
509.00000,0.00000
509.10000,0.00000
509.20000,0.00000
509.30000,0.00000
509.40000,0.00000
509.50000,0.00000
509.60000,0.00000
509.70000,0.00000
509.80000,0.00000
509.90000,0.00000
510.00000,0.00000
510.10000,0.00000
510.20000,0.00000
510.30000,0.00000
510.40000,0.00000
510.50000,0.00000
510.60000,0.00000
510.70000,0.00000
510.80000,0.00000
510.90000,0.00000
511.00000,0.00000
511.10000,0.00000
511.20000,0.00000
511.30000,0.00000
511.40000,0.00000
511.50000,0.00000
511.60000,0.00000
511.70000,0.00000
511.80000,0.00000
511.90000,0.00000
512.00000,0.00000
512.10000,0.00000
512.20000,0.00000
512.30000,0.00000
512.40000,0.00000
512.50000,0.00000
512.60000,0.00000
512.70000,0.00000
512.80000,0.00000
512.90000,0.00000
513.00000,0.00000
513.10000,0.00000
513.20000,0.00000
513.30000,0.00000
513.40000,0.00000
513.50000,0.00000
513.60000,0.00000
513.70000,0.00000
513.80000,0.00000
513.90000,0.00000
514.00000,0.00000
514.10000,0.00000
514.20000,0.00000
514.30000,0.00000
514.40000,0.00000
514.50000,0.00000
514.60000,0.00000
514.70000,0.00000
514.80000,0.00000
514.90000,0.00000
515.00000,0.00000
515.10000,0.00000
515.20000,0.00000
515.30000,0.00000
515.40000,0.00000
515.50000,0.00000
515.60000,0.00000
515.70000,0.00000
515.80000,0.00000
515.90000,0.00000
516.00000,0.00000
516.10000,0.00000
516.20000,0.00000
516.30000,0.00000
516.40000,0.00000
516.50000,0.00000
516.60000,0.00000
516.70000,0.00000
516.80000,0.00000
516.90000,0.00000
517.00000,0.00000
517.10000,0.00000
517.20000,0.00000
517.30000,0.00000
517.40000,0.00000
517.50000,0.00000
517.60000,0.00000
517.70000,0.00000
517.80000,0.00000
517.90000,0.00000
518.00000,0.00000
518.10000,0.00000
518.20000,0.00000
518.30000,0.00000
518.40000,0.00000
518.50000,0.00000
518.60000,0.00000
518.70000,0.00000
518.80000,0.00000
518.90000,0.00000
519.00000,0.00000
519.10000,0.00000
519.20000,0.00000
519.30000,0.00000
519.40000,0.00000
519.50000,0.00000
519.60000,0.00000
519.70000,0.00000
519.80000,0.00000
519.90000,0.00000
520.00000,0.00000
520.10000,0.00000
520.20000,0.00000
520.30000,0.00000
520.40000,0.00000
520.50000,0.00000
520.60000,0.00000
520.70000,0.00000
520.80000,0.00000
520.90000,0.00000
521.00000,0.00000
521.10000,0.00000
521.20000,0.00000
521.30000,0.00000
521.40000,0.00000
521.50000,0.00000
521.60000,0.00000
521.70000,0.00000
521.80000,0.00000
521.90000,0.00000
522.00000,0.00000
522.10000,0.00000
522.20000,0.00000
522.30000,0.00000
522.40000,0.00000
522.50000,0.00000
522.60000,0.00000
522.70000,0.00000
522.80000,0.00000
522.90000,0.00000
523.00000,0.00000
523.10000,0.00000
523.20000,0.00000
523.30000,0.00000
523.40000,0.00000
523.50000,0.00000
523.60000,0.00000
523.70000,0.00000
523.80000,0.00000
523.90000,0.00000
524.00000,0.00000
524.10000,0.00000
524.20000,0.00000
524.30000,0.00000
524.40000,0.00000
524.50000,0.00000
524.60000,0.00000
524.70000,0.00000
524.80000,0.00000
524.90000,0.00000
525.00000,0.00000
525.10000,0.00000
525.20000,0.00000
525.30000,0.00000
525.40000,0.00000
525.50000,0.00000
525.60000,0.00000
525.70000,0.00000
525.80000,0.00000
525.90000,0.00000
526.00000,0.00000
526.10000,0.00000
526.20000,0.00000
526.30000,0.00000
526.40000,0.00000
526.50000,0.00000
526.60000,0.00000
526.70000,0.00000
526.80000,0.00000
526.90000,0.00000
527.00000,0.00000
527.10000,0.00000
527.20000,0.00000
527.30000,0.00000
527.40000,0.00000
527.50000,0.00000
527.60000,0.00000
527.70000,0.00000
527.80000,0.00000
527.90000,0.00000
528.00000,0.00000
528.10000,0.00000
528.20000,0.00000
528.30000,0.00000
528.40000,0.00000
528.50000,0.00000
528.60000,0.00000
528.70000,0.00000
528.80000,0.00000
528.90000,0.00000
529.00000,0.00000
529.10000,0.00000
529.20000,0.00000
529.30000,0.00000
529.40000,0.00000
529.50000,0.00000
529.60000,0.00000
529.70000,0.00000
529.80000,0.00000
529.90000,0.00000
530.00000,0.00000
530.10000,0.00000
530.20000,0.00000
530.30000,0.00000
530.40000,0.00000
530.50000,0.00000
530.60000,0.00000
530.70000,0.00000
530.80000,0.00000
530.90000,0.00000
531.00000,0.00000
531.10000,0.00000
531.20000,0.00000
531.30000,0.00000
531.40000,0.00000
531.50000,0.00000
531.60000,0.00000
531.70000,0.00000
531.80000,0.00000
531.90000,0.00000
532.00000,0.00000
532.10000,0.00000
532.20000,0.00000
532.30000,0.00000
532.40000,0.00000
532.50000,0.00000
532.60000,0.00000
532.70000,0.00000
532.80000,0.00000
532.90000,0.00000
533.00000,0.00000
533.10000,0.00000
533.20000,0.00000
533.30000,0.00000
533.40000,0.00000
533.50000,0.00000
533.60000,0.00000
533.70000,0.00000
533.80000,0.00000
533.90000,0.00000
534.00000,0.00000
534.10000,0.00000
534.20000,0.00000
534.30000,0.00000
534.40000,0.00000
534.50000,0.00000
534.60000,0.00000
534.70000,0.00000
534.80000,0.00000
534.90000,0.00000
535.00000,0.00000
535.10000,0.00000
535.20000,0.00000
535.30000,0.00000
535.40000,0.00000
535.50000,0.00000
535.60000,0.00000
535.70000,0.00000
535.80000,0.00000
535.90000,0.00000
536.00000,0.00000
536.10000,0.00000
536.20000,0.00000
536.30000,0.00000
536.40000,0.00000
536.50000,0.00000
536.60000,0.00000
536.70000,0.00000
536.80000,0.00000
536.90000,0.00000
537.00000,0.00000
537.10000,0.00000
537.20000,0.00000
537.30000,0.00000
537.40000,0.00000
537.50000,0.00000
537.60000,0.00000
537.70000,0.00000
537.80000,0.00000
537.90000,0.00000
538.00000,0.00000
538.10000,0.00000
538.20000,0.00000
538.30000,0.00000
538.40000,0.00000
538.50000,0.00000
538.60000,0.00000
538.70000,0.00000
538.80000,0.00000
538.90000,0.00000
539.00000,0.00000
539.10000,0.00000
539.20000,0.00000
539.30000,0.00000
539.40000,0.00000
539.50000,0.00000
539.60000,0.00000
539.70000,0.00000
539.80000,0.00000
539.90000,0.00000
540.00000,0.00000
540.10000,0.00000
540.20000,0.00000
540.30000,0.00000
540.40000,0.00000
540.50000,0.00000
540.60000,0.00000
540.70000,0.00000
540.80000,0.00000
540.90000,0.00000
541.00000,0.00000
541.10000,0.00000
541.20000,0.00000
541.30000,0.00000
541.40000,0.00000
541.50000,0.00000
541.60000,0.00000
541.70000,0.00000
541.80000,0.00000
541.90000,0.00000
542.00000,0.00000
542.10000,0.00000
542.20000,0.00000
542.30000,0.00000
542.40000,0.00000
542.50000,0.00000
542.60000,0.00000
542.70000,0.00000
542.80000,0.00000
542.90000,0.00000
543.00000,0.00000
543.10000,0.00000
543.20000,0.00000
543.30000,0.00000
543.40000,0.00000
543.50000,0.00000
543.60000,0.00000
543.70000,0.00000
543.80000,0.00000
543.90000,0.00000
544.00000,0.00000
544.10000,0.00000
544.20000,0.00000
544.30000,0.00000
544.40000,0.00000
544.50000,0.00000
544.60000,0.00000
544.70000,0.00000
544.80000,0.00000
544.90000,0.00000
545.00000,0.00000
545.10000,0.00000
545.20000,0.00000
545.30000,0.00000
545.40000,0.00000
545.50000,0.00000
545.60000,0.00000
545.70000,0.00000
545.80000,0.00000
545.90000,0.00000
546.00000,0.00000
546.10000,0.00000
546.20000,0.00000
546.30000,0.00000
546.40000,0.00000
546.50000,0.00000
546.60000,0.00000
546.70000,0.00000
546.80000,0.00000
546.90000,0.00000
547.00000,0.00000
547.10000,0.00000
547.20000,0.00000
547.30000,0.00000
547.40000,0.00000
547.50000,0.00000
547.60000,0.00000
547.70000,0.00000
547.80000,0.00000
547.90000,0.00000
548.00000,0.00000
548.10000,0.00000
548.20000,0.00000
548.30000,0.00000
548.40000,0.00000
548.50000,0.00000
548.60000,0.00000
548.70000,0.00000
548.80000,0.00000
548.90000,0.00000
549.00000,0.00000
549.10000,0.00000
549.20000,0.00000
549.30000,0.00000
549.40000,0.00000
549.50000,0.00000
549.60000,0.00000
549.70000,0.00000
549.80000,0.00000
549.90000,0.00000
550.00000,0.00000
550.10000,0.00000
550.20000,0.00000
550.30000,0.00000
550.40000,0.00000
550.50000,0.00000
550.60000,0.00000
550.70000,0.00000
550.80000,0.00000
550.90000,0.00000
551.00000,0.00000
551.10000,0.00000
551.20000,0.00000
551.30000,0.00000
551.40000,0.00000
551.50000,0.00000
551.60000,0.00000
551.70000,0.00000
551.80000,0.00000
551.90000,0.00000
552.00000,0.00000
552.10000,0.00000
552.20000,0.00000
552.30000,0.00000
552.40000,0.00000
552.50000,0.00000
552.60000,0.00000
552.70000,0.00000
552.80000,0.00000
552.90000,0.00000
553.00000,0.00000
553.10000,0.00000
553.20000,0.00000
553.30000,0.00000
553.40000,0.00000
553.50000,0.00000
553.60000,0.00000
553.70000,0.00000
553.80000,0.00000
553.90000,0.00000
554.00000,0.00000
554.10000,0.00000
554.20000,0.00000
554.30000,0.00000
554.40000,0.00000
554.50000,0.00000
554.60000,0.00000
554.70000,0.00000
554.80000,0.00000
554.90000,0.00000
555.00000,0.00000
555.10000,0.00000
555.20000,0.00000
555.30000,0.00000
555.40000,0.00000
555.50000,0.00000
555.60000,0.00000
555.70000,0.00000
555.80000,0.00000
555.90000,0.00000
556.00000,0.00000
556.10000,0.00000
556.20000,0.00000
556.30000,0.00000
556.40000,0.00000
556.50000,0.00000
556.60000,0.00000
556.70000,0.00000
556.80000,0.00000
556.90000,0.00000
557.00000,0.00000
557.10000,0.00000
557.20000,0.00000
557.30000,0.00000
557.40000,0.00000
557.50000,0.00000
557.60000,0.00000
557.70000,0.00000
557.80000,0.00000
557.90000,0.00001
558.00000,0.00001
558.10000,0.00001
558.20000,0.00001
558.30000,0.00001
558.40000,0.00001
558.50000,0.00002
558.60000,0.00002
558.70000,0.00002
558.80000,0.00002
558.90000,0.00002
559.00000,0.00002
559.10000,0.00002
559.20000,0.00002
559.30000,0.00002
559.40000,0.00001
559.50000,0.00001
559.60000,0.00001
559.70000,0.00001
559.80000,0.00000
559.90000,0.00000
560.00000,0.00000
560.10000,0.00000
560.20000,0.00000
560.30000,0.00000
560.40000,0.00000
560.50000,0.00000
560.60000,0.00000
560.70000,0.00000
560.80000,0.00000
560.90000,0.00000
561.00000,0.00000
561.10000,0.00000
561.20000,0.00000
561.30000,0.00000
561.40000,0.00000
561.50000,0.00000
561.60000,0.00000
561.70000,0.00000
561.80000,0.00000
561.90000,0.00000
562.00000,0.00000
562.10000,0.00000
562.20000,0.00000
562.30000,0.00000
562.40000,0.00000
562.50000,0.00000
562.60000,0.00000
562.70000,0.00000
562.80000,0.00000
562.90000,0.00000
563.00000,0.00000
563.10000,0.00000
563.20000,0.00000
563.30000,0.00000
563.40000,0.00000
563.50000,0.00000
563.60000,0.00000
563.70000,0.00000
563.80000,0.00000
563.90000,0.00000
564.00000,0.00000
564.10000,0.00000
564.20000,0.00000
564.30000,0.00000
564.40000,0.00000
564.50000,0.00000
564.60000,0.00000
564.70000,0.00000
564.80000,0.00000
564.90000,0.00000
565.00000,0.00000
565.10000,0.00000
565.20000,0.00000
565.30000,0.00000
565.40000,0.00000
565.50000,0.00000
565.60000,0.00000
565.70000,0.00000
565.80000,0.00000
565.90000,0.00000
566.00000,0.00000
566.10000,0.00000
566.20000,0.00000
566.30000,0.00000
566.40000,0.00000
566.50000,0.00000
566.60000,0.00000
566.70000,0.00000
566.80000,0.00000
566.90000,0.00001
567.00000,0.00001
567.10000,0.00001
567.20000,0.00001
567.30000,0.00001
567.40000,0.00001
567.50000,0.00001
567.60000,0.00001
567.70000,0.00001
567.80000,0.00001
567.90000,0.00001
568.00000,0.00001
568.10000,0.00001
568.20000,0.00000
568.30000,0.00000
568.40000,0.00000
568.50000,0.00000
568.60000,0.00000
568.70000,0.00000
568.80000,0.00000
568.90000,0.00000
569.00000,0.00000
569.10000,0.00000
569.20000,0.00000
569.30000,0.00000
569.40000,0.00000
569.50000,0.00000
569.60000,0.00000
569.70000,0.00000
569.80000,0.00000
569.90000,0.00000
570.00000,0.00000
570.10000,0.00000
570.20000,0.00000
570.30000,0.00000
570.40000,0.00000
570.50000,0.00000
570.60000,0.00000
570.70000,0.00000
570.80000,0.00000
570.90000,0.00000
571.00000,0.00000
571.10000,0.00000
571.20000,0.00000
571.30000,0.00000
571.40000,0.00000
571.50000,0.00000
571.60000,0.00000
571.70000,0.00000
571.80000,0.00000
571.90000,0.00000
572.00000,0.00000
572.10000,0.00000
572.20000,0.00000
572.30000,0.00000
572.40000,0.00000
572.50000,0.00000
572.60000,0.00000
572.70000,0.00000
572.80000,0.00000
572.90000,0.00000
573.00000,0.00000
573.10000,0.00000
573.20000,0.00000
573.30000,0.00000
573.40000,0.00000
573.50000,0.00000
573.60000,0.00000
573.70000,0.00000
573.80000,0.00000
573.90000,0.00000
574.00000,0.00000
574.10000,0.00000
574.20000,0.00000
574.30000,0.00000
574.40000,0.00000
574.50000,0.00000
574.60000,0.00000
574.70000,0.00000
574.80000,0.00000
574.90000,0.00000
575.00000,0.00000
575.10000,0.00000
575.20000,0.00000
575.30000,0.00000
575.40000,0.00000
575.50000,0.00000
575.60000,0.00000
575.70000,0.00000
575.80000,0.00000
575.90000,0.00000
576.00000,0.00000
576.10000,0.00000
576.20000,0.00000
576.30000,0.00000
576.40000,0.00000
576.50000,0.00000
576.60000,0.00000
576.70000,0.00000
576.80000,0.00000
576.90000,0.00000
577.00000,0.00000
577.10000,0.00000
577.20000,0.00000
577.30000,0.00000
577.40000,0.00000
577.50000,0.00000
577.60000,0.00000
577.70000,0.00000
577.80000,0.00000
577.90000,0.00000
578.00000,0.00000
578.10000,0.00000
578.20000,0.00000
578.30000,0.00000
578.40000,0.00000
578.50000,0.00000
578.60000,0.00000
578.70000,0.00000
578.80000,0.00000
578.90000,0.00000
579.00000,0.00000
579.10000,0.00000
579.20000,0.00000
579.30000,0.00000
579.40000,0.00000
579.50000,0.00000
579.60000,0.00000
579.70000,0.00000
579.80000,0.00000
579.90000,0.00000
580.00000,0.00000
580.10000,0.00000
580.20000,0.00000
580.30000,0.00000
580.40000,0.00000
580.50000,0.00000
580.60000,0.00000
580.70000,0.00000
580.80000,0.00000
580.90000,0.00000
581.00000,0.00000
581.10000,0.00000
581.20000,0.00000
581.30000,0.00000
581.40000,0.00000
581.50000,0.00000
581.60000,0.00000
581.70000,0.00000
581.80000,0.00000
581.90000,0.00000
582.00000,0.00000
582.10000,0.00000
582.20000,0.00000
582.30000,0.00000
582.40000,0.00000
582.50000,0.00000
582.60000,0.00000
582.70000,0.00000
582.80000,0.00000
582.90000,0.00000
583.00000,0.00000
583.10000,0.00000
583.20000,0.00000
583.30000,0.00000
583.40000,0.00000
583.50000,0.00000
583.60000,0.00000
583.70000,0.00000
583.80000,0.00000
583.90000,0.00000
584.00000,0.00000
584.10000,0.00000
584.20000,0.00000
584.30000,0.00000
584.40000,0.00000
584.50000,0.00000
584.60000,0.00000
584.70000,0.00000
584.80000,0.00000
584.90000,0.00000
585.00000,0.00000
585.10000,0.00000
585.20000,0.00000
585.30000,0.00000
585.40000,0.00000
585.50000,0.00000
585.60000,0.00000
585.70000,0.00000
585.80000,0.00000
585.90000,0.00000
586.00000,0.00000
586.10000,0.00000
586.20000,0.00000
586.30000,0.00000
586.40000,0.00000
586.50000,0.00000
586.60000,0.00000
586.70000,0.00000
586.80000,0.00000
586.90000,0.00000
587.00000,0.00000
587.10000,0.00000
587.20000,0.00000
587.30000,0.00000
587.40000,0.00000
587.50000,0.00000
587.60000,0.00000
587.70000,0.00000
587.80000,0.00000
587.90000,0.00000
588.00000,0.00000
588.10000,0.00000
588.20000,0.00000
588.30000,0.00000
588.40000,0.00000
588.50000,0.00000
588.60000,0.00000
588.70000,0.00000
588.80000,0.00000
588.90000,0.00000
589.00000,0.00000
589.10000,0.00000
589.20000,0.00000
589.30000,0.00000
589.40000,0.00000
589.50000,0.00000
589.60000,0.00000
589.70000,0.00000
589.80000,0.00000
589.90000,0.00000
590.00000,0.00000
590.10000,0.00000
590.20000,0.00000
590.30000,0.00000
590.40000,0.00000
590.50000,0.00000
590.60000,0.00000
590.70000,0.00000
590.80000,0.00000
590.90000,0.00000
591.00000,0.00000
591.10000,0.00000
591.20000,0.00000
591.30000,0.00000
591.40000,0.00000
591.50000,0.00000
591.60000,0.00000
591.70000,0.00000
591.80000,0.00000
591.90000,0.00000
592.00000,0.00000
592.10000,0.00000
592.20000,0.00000
592.30000,0.00000
592.40000,0.00000
592.50000,0.00000
592.60000,0.00000
592.70000,0.00000
592.80000,0.00000
592.90000,0.00000
593.00000,0.00000
593.10000,0.00000
593.20000,0.00000
593.30000,0.00000
593.40000,0.00000
593.50000,0.00000
593.60000,0.00000
593.70000,0.00000
593.80000,0.00000
593.90000,0.00000
594.00000,0.00000
594.10000,0.00000
594.20000,0.00000
594.30000,0.00000
594.40000,0.00000
594.50000,0.00000
594.60000,0.00000
594.70000,0.00000
594.80000,0.00000
594.90000,0.00000
595.00000,0.00000
595.10000,0.00000
595.20000,0.00000
595.30000,0.00000
595.40000,0.00000
595.50000,0.00000
595.60000,0.00000
595.70000,0.00000
595.80000,0.00000
595.90000,0.00000
596.00000,0.00000
596.10000,0.00000
596.20000,0.00000
596.30000,0.00000
596.40000,0.00000
596.50000,0.00000
596.60000,0.00000
596.70000,0.00000
596.80000,0.00000
596.90000,0.00000
597.00000,0.00000
597.10000,0.00000
597.20000,0.00000
597.30000,0.00000
597.40000,0.00000
597.50000,0.00000
597.60000,0.00000
597.70000,0.00000
597.80000,0.00000
597.90000,0.00000
598.00000,0.00000
598.10000,0.00000
598.20000,0.00000
598.30000,0.00000
598.40000,0.00000
598.50000,0.00000
598.60000,0.00000
598.70000,0.00000
598.80000,0.00000
598.90000,0.00000
599.00000,0.00001
599.10000,0.00000
599.20000,0.00000
599.30000,0.00000
599.40000,0.00000
599.50000,0.00000
599.60000,0.00000
599.70000,0.00000
599.80000,0.00000
599.90000,0.00000
600.00000,0.00000
600.10000,0.00000
600.20000,0.00000
600.30000,0.00000
600.40000,0.00000
600.50000,0.00000
600.60000,0.00000
600.70000,0.00000
600.80000,0.00000
600.90000,0.00000
601.00000,0.00000
601.10000,0.00000
601.20000,0.00000
601.30000,0.00000
601.40000,0.00000
601.50000,0.00000
601.60000,0.00000
601.70000,0.00000
601.80000,0.00000
601.90000,0.00000
602.00000,0.00000
602.10000,0.00000
602.20000,0.00000
602.30000,0.00000
602.40000,0.00000
602.50000,0.00000
602.60000,0.00000
602.70000,0.00000
602.80000,0.00000
602.90000,0.00000
603.00000,0.00000
603.10000,0.00000
603.20000,0.00000
603.30000,0.00000
603.40000,0.00000
603.50000,0.00000
603.60000,0.00000
603.70000,0.00000
603.80000,0.00000
603.90000,0.00000
604.00000,0.00000
604.10000,0.00000
604.20000,0.00000
604.30000,0.00000
604.40000,0.00000
604.50000,0.00000
604.60000,0.00000
604.70000,0.00000
604.80000,0.00000
604.90000,0.00000
605.00000,0.00000
605.10000,0.00000
605.20000,0.00000
605.30000,0.00000
605.40000,0.00000
605.50000,0.00000
605.60000,0.00000
605.70000,0.00000
605.80000,0.00000
605.90000,0.00000
606.00000,0.00000
606.10000,0.00000
606.20000,0.00000
606.30000,0.00000
606.40000,0.00000
606.50000,0.00000
606.60000,0.00000
606.70000,0.00000
606.80000,0.00000
606.90000,0.00000
607.00000,0.00000
607.10000,0.00000
607.20000,0.00000
607.30000,0.00000
607.40000,0.00000
607.50000,0.00000
607.60000,0.00000
607.70000,0.00000
607.80000,0.00000
607.90000,0.00000
608.00000,0.00000
608.10000,0.00000
608.20000,0.00000
608.30000,0.00000
608.40000,0.00000
608.50000,0.00000
608.60000,0.00000
608.70000,0.00000
608.80000,0.00000
608.90000,0.00000
609.00000,0.00000
609.10000,0.00000
609.20000,0.00000
609.30000,0.00000
609.40000,0.00000
609.50000,0.00000
609.60000,0.00000
609.70000,0.00000
609.80000,0.00000
609.90000,0.00000
610.00000,0.00000
610.10000,0.00000
610.20000,0.00000
610.30000,0.00000
610.40000,0.00000
610.50000,0.00000
610.60000,0.00000
610.70000,0.00000
610.80000,0.00000
610.90000,0.00000
611.00000,0.00000
611.10000,0.00000
611.20000,0.00000
611.30000,0.00000
611.40000,0.00000
611.50000,0.00000
611.60000,0.00000
611.70000,0.00000
611.80000,0.00000
611.90000,0.00000
612.00000,0.00000
612.10000,0.00000
612.20000,0.00000
612.30000,0.00000
612.40000,0.00000
612.50000,0.00000
612.60000,0.00000
612.70000,0.00000
612.80000,0.00000
612.90000,0.00000
613.00000,0.00000
613.10000,0.00000
613.20000,0.00000
613.30000,0.00000
613.40000,0.00000
613.50000,0.00000
613.60000,0.00000
613.70000,0.00000
613.80000,0.00000
613.90000,0.00000
614.00000,0.00000
614.10000,0.00000
614.20000,0.00000
614.30000,0.00000
614.40000,0.00000
614.50000,0.00000
614.60000,0.00000
614.70000,0.00000
614.80000,0.00000
614.90000,0.00000
615.00000,0.00000
615.10000,0.00000
615.20000,0.00000
615.30000,0.00000
615.40000,0.00000
615.50000,0.00000
615.60000,0.00000
615.70000,0.00000
615.80000,0.00000
615.90000,0.00000
616.00000,0.00000
616.10000,0.00000
616.20000,0.00000
616.30000,0.00000
616.40000,0.00000
616.50000,0.00000
616.60000,0.00000
616.70000,0.00000
616.80000,0.00000
616.90000,0.00000
617.00000,0.00000
617.10000,0.00000
617.20000,0.00000
617.30000,0.00000
617.40000,0.00000
617.50000,0.00000
617.60000,0.00000
617.70000,0.00000
617.80000,0.00000
617.90000,0.00000
618.00000,0.00000
618.10000,0.00000
618.20000,0.00000
618.30000,0.00000
618.40000,0.00000
618.50000,0.00000
618.60000,0.00000
618.70000,0.00000
618.80000,0.00000
618.90000,0.00000
619.00000,0.00000
619.10000,0.00000
619.20000,0.00000
619.30000,0.00000
619.40000,0.00000
619.50000,0.00000
619.60000,0.00000
619.70000,0.00000
619.80000,0.00000
619.90000,0.00000
620.00000,0.00000
620.10000,0.00000
620.20000,0.00000
620.30000,0.00000
620.40000,0.00000
620.50000,0.00000
620.60000,0.00000
620.70000,0.00000
620.80000,0.00000
620.90000,0.00000
621.00000,0.00000
621.10000,0.00000
621.20000,0.00000
621.30000,0.00000
621.40000,0.00000
621.50000,0.00000
621.60000,0.00000
621.70000,0.00000
621.80000,0.00000
621.90000,0.00000
622.00000,0.00000
622.10000,0.00000
622.20000,0.00000
622.30000,0.00000
622.40000,0.00000
622.50000,0.00000
622.60000,0.00000
622.70000,0.00000
622.80000,0.00000
622.90000,0.00000
623.00000,0.00000
623.10000,0.00000
623.20000,0.00000
623.30000,0.00000
623.40000,0.00000
623.50000,0.00000
623.60000,0.00000
623.70000,0.00000
623.80000,0.00000
623.90000,0.00000
624.00000,0.00000
624.10000,0.00000
624.20000,0.00000
624.30000,0.00000
624.40000,0.00000
624.50000,0.00000
624.60000,0.00000
624.70000,0.00000
624.80000,0.00000
624.90000,0.00000
625.00000,0.00000
625.10000,0.00000
625.20000,0.00000
625.30000,0.00000
625.40000,0.00000
625.50000,0.00000
625.60000,0.00000
625.70000,0.00000
625.80000,0.00000
625.90000,0.00000
626.00000,0.00000
626.10000,0.00000
626.20000,0.00000
626.30000,0.00000
626.40000,0.00000
626.50000,0.00000
626.60000,0.00000
626.70000,0.00000
626.80000,0.00000
626.90000,0.00000
627.00000,0.00000
627.10000,0.00000
627.20000,0.00000
627.30000,0.00000
627.40000,0.00000
627.50000,0.00000
627.60000,0.00000
627.70000,0.00000
627.80000,0.00000
627.90000,0.00000
628.00000,0.00000
628.10000,0.00000
628.20000,0.00000
628.30000,0.00000
628.40000,0.00000
628.50000,0.00000
628.60000,0.00000
628.70000,0.00000
628.80000,0.00000
628.90000,0.00000
629.00000,0.00000
629.10000,0.00000
629.20000,0.00000
629.30000,0.00000
629.40000,0.00000
629.50000,0.00000
629.60000,0.00000
629.70000,0.00000
629.80000,0.00000
629.90000,0.00000
630.00000,0.00000
630.10000,0.00000
630.20000,0.00000
630.30000,0.00000
630.40000,0.00000
630.50000,0.00000
630.60000,0.00000
630.70000,0.00000
630.80000,0.00000
630.90000,0.00000
631.00000,0.00000
631.10000,0.00000
631.20000,0.00000
631.30000,0.00000
631.40000,0.00000
631.50000,0.00000
631.60000,0.00000
631.70000,0.00000
631.80000,0.00000
631.90000,0.00000
632.00000,0.00000
632.10000,0.00000
632.20000,0.00000
632.30000,0.00000
632.40000,0.00000
632.50000,0.00000
632.60000,0.00000
632.70000,0.00000
632.80000,0.00000
632.90000,0.00000
633.00000,0.00000
633.10000,0.00000
633.20000,0.00000
633.30000,0.00000
633.40000,0.00000
633.50000,0.00000
633.60000,0.00000
633.70000,0.00000
633.80000,0.00000
633.90000,0.00000
634.00000,0.00000
634.10000,0.00000
634.20000,0.00000
634.30000,0.00000
634.40000,0.00000
634.50000,0.00000
634.60000,0.00000
634.70000,0.00000
634.80000,0.00000
634.90000,0.00000
635.00000,0.00000
635.10000,0.00000
635.20000,0.00000
635.30000,0.00000
635.40000,0.00000
635.50000,0.00000
635.60000,0.00000
635.70000,0.00000
635.80000,0.00000
635.90000,0.00000
636.00000,0.00000
636.10000,0.00000
636.20000,0.00000
636.30000,0.00000
636.40000,0.00000
636.50000,0.00000
636.60000,0.00000
636.70000,0.00000
636.80000,0.00000
636.90000,0.00000
637.00000,0.00000
637.10000,0.00000
637.20000,0.00000
637.30000,0.00000
637.40000,0.00000
637.50000,0.00000
637.60000,0.00000
637.70000,0.00000
637.80000,0.00000
637.90000,0.00000
638.00000,0.00000
638.10000,0.00000
638.20000,0.00000
638.30000,0.00000
638.40000,0.00000
638.50000,0.00000
638.60000,0.00000
638.70000,0.00000
638.80000,0.00000
638.90000,0.00000
639.00000,0.00000
639.10000,0.00000
639.20000,0.00000
639.30000,0.00000
639.40000,0.00000
639.50000,0.00000
639.60000,0.00000
639.70000,0.00000
639.80000,0.00000
639.90000,0.00000
640.00000,0.00000
640.10000,0.00000
640.20000,0.00000
640.30000,0.00000
640.40000,0.00000
640.50000,0.00000
640.60000,0.00000
640.70000,0.00000
640.80000,0.00000
640.90000,0.00000
641.00000,0.00000
641.10000,0.00000
641.20000,0.00000
641.30000,0.00000
641.40000,0.00000
641.50000,0.00000
641.60000,0.00000
641.70000,0.00000
641.80000,0.00000
641.90000,0.00000
642.00000,0.00000
642.10000,0.00000
642.20000,0.00000
642.30000,0.00000
642.40000,0.00000
642.50000,0.00000
642.60000,0.00000
642.70000,0.00000
642.80000,0.00000
642.90000,0.00000
643.00000,0.00000
643.10000,0.00000
643.20000,0.00000
643.30000,0.00000
643.40000,0.00000
643.50000,0.00000
643.60000,0.00000
643.70000,0.00000
643.80000,0.00000
643.90000,0.00000
644.00000,0.00000
644.10000,0.00000
644.20000,0.00000
644.30000,0.00000
644.40000,0.00000
644.50000,0.00000
644.60000,0.00000
644.70000,0.00000
644.80000,0.00000
644.90000,0.00000
645.00000,0.00000
645.10000,0.00000
645.20000,0.00000
645.30000,0.00000
645.40000,0.00000
645.50000,0.00000
645.60000,0.00000
645.70000,0.00000
645.80000,0.00000
645.90000,0.00000
646.00000,0.00000
646.10000,0.00000
646.20000,0.00000
646.30000,0.00000
646.40000,0.00000
646.50000,0.00000
646.60000,0.00000
646.70000,0.00000
646.80000,0.00000
646.90000,0.00000
647.00000,0.00000
647.10000,0.00000
647.20000,0.00000
647.30000,0.00000
647.40000,0.00000
647.50000,0.00000
647.60000,0.00000
647.70000,0.00000
647.80000,0.00000
647.90000,0.00000
648.00000,0.00000
648.10000,0.00000
648.20000,0.00000
648.30000,0.00000
648.40000,0.00000
648.50000,0.00000
648.60000,0.00000
648.70000,0.00000
648.80000,0.00000
648.90000,0.00000
649.00000,0.00000
649.10000,0.00000
649.20000,0.00000
649.30000,0.00000
649.40000,0.00000
649.50000,0.00000
649.60000,0.00000
649.70000,0.00000
649.80000,0.00000
649.90000,0.00000
650.00000,0.00000
650.10000,0.00000
650.20000,0.00000
650.30000,0.00000
650.40000,0.00000
650.50000,0.00000
650.60000,0.00000
650.70000,0.00000
650.80000,0.00000
650.90000,0.00000
651.00000,0.00000
651.10000,0.00000
651.20000,0.00000
651.30000,0.00000
651.40000,0.00000
651.50000,0.00000
651.60000,0.00000
651.70000,0.00000
651.80000,0.00000
651.90000,0.00000
652.00000,0.00000
652.10000,0.00000
652.20000,0.00000
652.30000,0.00000
652.40000,0.00000
652.50000,0.00000
652.60000,0.00000
652.70000,0.00000
652.80000,0.00000
652.90000,0.00000
653.00000,0.00000
653.10000,0.00000
653.20000,0.00000
653.30000,0.00000
653.40000,0.00000
653.50000,0.00000
653.60000,0.00000
653.70000,0.00000
653.80000,0.00000
653.90000,0.00000
654.00000,0.00000
654.10000,0.00000
654.20000,0.00000
654.30000,0.00000
654.40000,0.00000
654.50000,0.00000
654.60000,0.00000
654.70000,0.00000
654.80000,0.00000
654.90000,0.00000
655.00000,0.00000
655.10000,0.00000
655.20000,0.00000
655.30000,0.00000
655.40000,0.00000
655.50000,0.00000
655.60000,0.00000
655.70000,0.00000
655.80000,0.00000
655.90000,0.00000
656.00000,0.00000
656.10000,0.00000
656.20000,0.00000
656.30000,0.00000
656.40000,0.00000
656.50000,0.00000
656.60000,0.00000
656.70000,0.00000
656.80000,0.00000
656.90000,0.00000
657.00000,0.00000
657.10000,0.00000
657.20000,0.00000
657.30000,0.00000
657.40000,0.00000
657.50000,0.00000
657.60000,0.00000
657.70000,0.00000
657.80000,0.00000
657.90000,0.00000
658.00000,0.00000
658.10000,0.00000
658.20000,0.00000
658.30000,0.00000
658.40000,0.00000
658.50000,0.00000
658.60000,0.00000
658.70000,0.00000
658.80000,0.00000
658.90000,0.00000
659.00000,0.00000
659.10000,0.00000
659.20000,0.00000
659.30000,0.00000
659.40000,0.00000
659.50000,0.00000
659.60000,0.00000
659.70000,0.00000
659.80000,0.00000
659.90000,0.00000
660.00000,0.00000
660.10000,0.00000
660.20000,0.00000
660.30000,0.00000
660.40000,0.00000
660.50000,0.00000
660.60000,0.00000
660.70000,0.00000
660.80000,0.00000
660.90000,0.00000
661.00000,0.00000
661.10000,0.00000
661.20000,0.00000
661.30000,0.00000
661.40000,0.00000
661.50000,0.00000
661.60000,0.00000
661.70000,0.00000
661.80000,0.00000
661.90000,0.00000
662.00000,0.00000
662.10000,0.00000
662.20000,0.00000
662.30000,0.00000
662.40000,0.00000
662.50000,0.00000
662.60000,0.00000
662.70000,0.00000
662.80000,0.00000
662.90000,0.00000
663.00000,0.00000
663.10000,0.00000
663.20000,0.00000
663.30000,0.00000
663.40000,0.00000
663.50000,0.00000
663.60000,0.00000
663.70000,0.00000
663.80000,0.00000
663.90000,0.00000
664.00000,0.00000
664.10000,0.00000
664.20000,0.00000
664.30000,0.00000
664.40000,0.00000
664.50000,0.00000
664.60000,0.00000
664.70000,0.00000
664.80000,0.00000
664.90000,0.00000
665.00000,0.00000
665.10000,0.00000
665.20000,0.00000
665.30000,0.00000
665.40000,0.00000
665.50000,0.00000
665.60000,0.00000
665.70000,0.00000
665.80000,0.00000
665.90000,0.00000
666.00000,0.00000
666.10000,0.00000
666.20000,0.00000
666.30000,0.00000
666.40000,0.00000
666.50000,0.00000
666.60000,0.00000
666.70000,0.00000
666.80000,0.00000
666.90000,0.00000
667.00000,0.00000
667.10000,0.00000
667.20000,0.00000
667.30000,0.00000
667.40000,0.00000
667.50000,0.00000
667.60000,0.00000
667.70000,0.00000
667.80000,0.00000
667.90000,0.00000
668.00000,0.00000
668.10000,0.00000
668.20000,0.00000
668.30000,0.00000
668.40000,0.00000
668.50000,0.00000
668.60000,0.00000
668.70000,0.00000
668.80000,0.00000
668.90000,0.00000
669.00000,0.00000
669.10000,0.00000
669.20000,0.00000
669.30000,0.00000
669.40000,0.00000
669.50000,0.00000
669.60000,0.00000
669.70000,0.00000
669.80000,0.00000
669.90000,0.00000
670.00000,0.00000
670.10000,0.00000
670.20000,0.00000
670.30000,0.00000
670.40000,0.00000
670.50000,0.00000
670.60000,0.00000
670.70000,0.00000
670.80000,0.00000
670.90000,0.00000
671.00000,0.00000
671.10000,0.00000
671.20000,0.00000
671.30000,0.00000
671.40000,0.00000
671.50000,0.00000
671.60000,0.00000
671.70000,0.00000
671.80000,0.00000
671.90000,0.00000
672.00000,0.00000
672.10000,0.00000
672.20000,0.00000
672.30000,0.00000
672.40000,0.00000
672.50000,0.00000
672.60000,0.00000
672.70000,0.00000
672.80000,0.00000
672.90000,0.00000
673.00000,0.00000
673.10000,0.00000
673.20000,0.00000
673.30000,0.00000
673.40000,0.00000
673.50000,0.00000
673.60000,0.00000
673.70000,0.00000
673.80000,0.00000
673.90000,0.00000
674.00000,0.00000
674.10000,0.00000
674.20000,0.00000
674.30000,0.00000
674.40000,0.00000
674.50000,0.00000
674.60000,0.00000
674.70000,0.00000
674.80000,0.00000
674.90000,0.00000
675.00000,0.00000
675.10000,0.00000
675.20000,0.00000
675.30000,0.00000
675.40000,0.00000
675.50000,0.00000
675.60000,0.00000
675.70000,0.00000
675.80000,0.00000
675.90000,0.00000
676.00000,0.00000
676.10000,0.00000
676.20000,0.00000
676.30000,0.00000
676.40000,0.00000
676.50000,0.00000
676.60000,0.00000
676.70000,0.00000
676.80000,0.00000
676.90000,0.00000
677.00000,0.00000
677.10000,0.00000
677.20000,0.00000
677.30000,0.00000
677.40000,0.00000
677.50000,0.00000
677.60000,0.00000
677.70000,0.00000
677.80000,0.00000
677.90000,0.00000
678.00000,0.00000
678.10000,0.00000
678.20000,0.00000
678.30000,0.00000
678.40000,0.00000
678.50000,0.00000
678.60000,0.00000
678.70000,0.00000
678.80000,0.00000
678.90000,0.00000
679.00000,0.00000
679.10000,0.00000
679.20000,0.00000
679.30000,0.00000
679.40000,0.00000
679.50000,0.00000
679.60000,0.00000
679.70000,0.00000
679.80000,0.00000
679.90000,0.00000
680.00000,0.00000
680.10000,0.00000
680.20000,0.00000
680.30000,0.00000
680.40000,0.00000
680.50000,0.00000
680.60000,0.00000
680.70000,0.00000
680.80000,0.00000
680.90000,0.00000
681.00000,0.00000
681.10000,0.00000
681.20000,0.00000
681.30000,0.00000
681.40000,0.00000
681.50000,0.00000
681.60000,0.00000
681.70000,0.00000
681.80000,0.00000
681.90000,0.00000
682.00000,0.00000
682.10000,0.00000
682.20000,0.00000
682.30000,0.00000
682.40000,0.00000
682.50000,0.00000
682.60000,0.00000
682.70000,0.00000
682.80000,0.00000
682.90000,0.00000
683.00000,0.00000
683.10000,0.00000
683.20000,0.00000
683.30000,0.00000
683.40000,0.00000
683.50000,0.00000
683.60000,0.00000
683.70000,0.00000
683.80000,0.00000
683.90000,0.00000
684.00000,0.00000
684.10000,0.00000
684.20000,0.00000
684.30000,0.00000
684.40000,0.00000
684.50000,0.00000
684.60000,0.00000
684.70000,0.00000
684.80000,0.00000
684.90000,0.00000
685.00000,0.00000
685.10000,0.00000
685.20000,0.00000
685.30000,0.00000
685.40000,0.00000
685.50000,0.00000
685.60000,0.00000
685.70000,0.00000
685.80000,0.00000
685.90000,0.00000
686.00000,0.00000
686.10000,0.00000
686.20000,0.00000
686.30000,0.00000
686.40000,0.00000
686.50000,0.00000
686.60000,0.00000
686.70000,0.00000
686.80000,0.00000
686.90000,0.00000
687.00000,0.00000
687.10000,0.00000
687.20000,0.00000
687.30000,0.00000
687.40000,0.00000
687.50000,0.00000
687.60000,0.00000
687.70000,0.00000
687.80000,0.00000
687.90000,0.00000
688.00000,0.00000
688.10000,0.00000
688.20000,0.00000
688.30000,0.00000
688.40000,0.00000
688.50000,0.00000
688.60000,0.00000
688.70000,0.00000
688.80000,0.00000
688.90000,0.00000
689.00000,0.00000
689.10000,0.00000
689.20000,0.00000
689.30000,0.00000
689.40000,0.00000
689.50000,0.00000
689.60000,0.00000
689.70000,0.00000
689.80000,0.00000
689.90000,0.00000
690.00000,0.00000
690.10000,0.00000
690.20000,0.00000
690.30000,0.00000
690.40000,0.00000
690.50000,0.00001
690.60000,0.00000
690.70000,0.00000
690.80000,0.00001
690.90000,0.00001
691.00000,0.00001
691.10000,0.00001
691.20000,0.00001
691.30000,0.00001
691.40000,0.00001
691.50000,0.00001
691.60000,0.00001
691.70000,0.00001
691.80000,0.00001
691.90000,0.00001
692.00000,0.00001
692.10000,0.00001
692.20000,0.00001
692.30000,0.00001
692.40000,0.00002
692.50000,0.00002
692.60000,0.00002
692.70000,0.00002
692.80000,0.00002
692.90000,0.00002
693.00000,0.00002
693.10000,0.00003
693.20000,0.00003
693.30000,0.00003
693.40000,0.00004
693.50000,0.00004
693.60000,0.00004
693.70000,0.00004
693.80000,0.00005
693.90000,0.00005
694.00000,0.00005
694.10000,0.00006
694.20000,0.00007
694.30000,0.00008
694.40000,0.00009
694.50000,0.00010
694.60000,0.00011
694.70000,0.00012
694.80000,0.00013
694.90000,0.00014
695.00000,0.00015
695.10000,0.00017
695.20000,0.00021
695.30000,0.00023
695.40000,0.00027
695.50000,0.00029
695.60000,0.00032
695.70000,0.00035
695.80000,0.00037
695.90000,0.00041
696.00000,0.00044
696.10000,0.00055
696.20000,0.00068
696.30000,0.00077
696.40000,0.00092
696.50000,0.00103
696.60000,0.00115
696.70000,0.00127
696.80000,0.00139
696.90000,0.00151
697.00000,0.00162
697.10000,0.00221
697.20000,0.00279
697.30000,0.00334
697.40000,0.00395
697.50000,0.00453
697.60000,0.00511
697.70000,0.00569
697.80000,0.00626
697.90000,0.00684
698.00000,0.00742
698.10000,0.01089
698.20000,0.01441
698.30000,0.01783
698.40000,0.02135
698.50000,0.02487
698.60000,0.02827
698.70000,0.03162
698.80000,0.03515
698.90000,0.03863
699.00000,0.04187
699.10000,0.05158
699.20000,0.06732
699.30000,0.07976
699.40000,0.09300
699.50000,0.10532
699.60000,0.11617
699.70000,0.13117
699.80000,0.14381
699.90000,0.15628
700.00000,0.16660
700.10000,0.17457
700.20000,0.19362
700.30000,0.20548
700.40000,0.21697
700.50000,0.23041
700.60000,0.24174
700.70000,0.24770
700.80000,0.26436
700.90000,0.27837
701.00000,0.28991
701.10000,0.29240
701.20000,0.29220
701.30000,0.29194
701.40000,0.29829
701.50000,0.30011
701.60000,0.30168
701.70000,0.30158
701.80000,0.29653
701.90000,0.30674
702.00000,0.30937
702.10000,0.30827
702.20000,0.30839
702.30000,0.30814
702.40000,0.30901
702.50000,0.30673
702.60000,0.30898
702.70000,0.30858
702.80000,0.30874
702.90000,0.30359
703.00000,0.30533
703.10000,0.30748
703.20000,0.30816
703.30000,0.30812
703.40000,0.30757
703.50000,0.30745
703.60000,0.30708
703.70000,0.30670
703.80000,0.30609
703.90000,0.30290
704.00000,0.30515
704.10000,0.30336
704.20000,0.29854
704.30000,0.30482
704.40000,0.30353
704.50000,0.30428
704.60000,0.30385
704.70000,0.30353
704.80000,0.30361
704.90000,0.30057
705.00000,0.30240
705.10000,0.30237
705.20000,0.30283
705.30000,0.29954
705.40000,0.30161
705.50000,0.29924
705.60000,0.30234
705.70000,0.30226
705.80000,0.30212
705.90000,0.29752
706.00000,0.30040
706.10000,0.30177
706.20000,0.30116
706.30000,0.30122
706.40000,0.30124
706.50000,0.30082
706.60000,0.30066
706.70000,0.30017
706.80000,0.29969
706.90000,0.29921
707.00000,0.29931
707.10000,0.29946
707.20000,0.29939
707.30000,0.29923
707.40000,0.29730
707.50000,0.29848
707.60000,0.29843
707.70000,0.29694
707.80000,0.29738
707.90000,0.29757
708.00000,0.29510
708.10000,0.29543
708.20000,0.29637
708.30000,0.29554
708.40000,0.29609
708.50000,0.29569
708.60000,0.29564
708.70000,0.29466
708.80000,0.29431
708.90000,0.29479
709.00000,0.29150
709.10000,0.29408
709.20000,0.29422
709.30000,0.29329
709.40000,0.29405
709.50000,0.29338
709.60000,0.29303
709.70000,0.29288
709.80000,0.29325
709.90000,0.29330
710.00000,0.29310
710.10000,0.29215
710.20000,0.29231
710.30000,0.29267
710.40000,0.29185
710.50000,0.29185
710.60000,0.29179
710.70000,0.29177
710.80000,0.29013
710.90000,0.29126
711.00000,0.29125
711.10000,0.28969
711.20000,0.29015
711.30000,0.28970
711.40000,0.28860
711.50000,0.28923
711.60000,0.28835
711.70000,0.28834
711.80000,0.28769
711.90000,0.28758
712.00000,0.28605
712.10000,0.28654
712.20000,0.28583
712.30000,0.28602
712.40000,0.28540
712.50000,0.28511
712.60000,0.28438
712.70000,0.28422
712.80000,0.28385
712.90000,0.28358
713.00000,0.28162
713.10000,0.28176
713.20000,0.28201
713.30000,0.28154
713.40000,0.28167
713.50000,0.28159
713.60000,0.27986
713.70000,0.28120
713.80000,0.28102
713.90000,0.27999
714.00000,0.27951
714.10000,0.28029
714.20000,0.27888
714.30000,0.27931
714.40000,0.27912
714.50000,0.27611
714.60000,0.27912
714.70000,0.27845
714.80000,0.27812
714.90000,0.27840
715.00000,0.27784
715.10000,0.27807
715.20000,0.27642
715.30000,0.27429
715.40000,0.27714
715.50000,0.27666
715.60000,0.27675
715.70000,0.27640
715.80000,0.27562
715.90000,0.27636
716.00000,0.27618
716.10000,0.27305
716.20000,0.27547
716.30000,0.27535
716.40000,0.27068
716.50000,0.27436
716.60000,0.27067
716.70000,0.27348
716.80000,0.27077
716.90000,0.26698
717.00000,0.25081
717.10000,0.26916
717.20000,0.26194
717.30000,0.26602
717.40000,0.26675
717.50000,0.25778
717.60000,0.25293
717.70000,0.27048
717.80000,0.25355
717.90000,0.24572
718.00000,0.26344
718.10000,0.26623
718.20000,0.26909
718.30000,0.26494
718.40000,0.25920
718.50000,0.26743
718.60000,0.25673
718.70000,0.25911
718.80000,0.23847
718.90000,0.23687
719.00000,0.26454
719.10000,0.26396
719.20000,0.26625
719.30000,0.26157
719.40000,0.24902
719.50000,0.26236
719.60000,0.24426
719.70000,0.24066
719.80000,0.26107
719.90000,0.25270
720.00000,0.24531
720.10000,0.26226
720.20000,0.25881
720.30000,0.20484
720.40000,0.26037
720.50000,0.26052
720.60000,0.24171
720.70000,0.25962
720.80000,0.24835
720.90000,0.25897
721.00000,0.25979
721.10000,0.26045
721.20000,0.25753
721.30000,0.25622
721.40000,0.25873
721.50000,0.26099
721.60000,0.26058
721.70000,0.26021
721.80000,0.25840
721.90000,0.25986
722.00000,0.25433
722.10000,0.25841
722.20000,0.25983
722.30000,0.25975
722.40000,0.25971
722.50000,0.25666
722.60000,0.24931
722.70000,0.25827
722.80000,0.25847
722.90000,0.25680
723.00000,0.25382
723.10000,0.25753
723.20000,0.25754
723.30000,0.25491
723.40000,0.24489
723.50000,0.21061
723.60000,0.25237
723.70000,0.23722
723.80000,0.23096
723.90000,0.25629
724.00000,0.25333
724.10000,0.25424
724.20000,0.24866
724.30000,0.21489
724.40000,0.25573
724.50000,0.25431
724.60000,0.23546
724.70000,0.25389
724.80000,0.24528
724.90000,0.24410
725.00000,0.25504
725.10000,0.24755
725.20000,0.24836
725.30000,0.25338
725.40000,0.24526
725.50000,0.22653
725.60000,0.23482
725.70000,0.25328
725.80000,0.25217
725.90000,0.24487
726.00000,0.23581
726.10000,0.25119
726.20000,0.24840
726.30000,0.24583
726.40000,0.24423
726.50000,0.23969
726.60000,0.24989
726.70000,0.24003
726.80000,0.23943
726.90000,0.25096
727.00000,0.24946
727.10000,0.25009
727.20000,0.23700
727.30000,0.24899
727.40000,0.24897
727.50000,0.20632
727.60000,0.24748
727.70000,0.24328
727.80000,0.24293
727.90000,0.22529
728.00000,0.23694
728.10000,0.24430
728.20000,0.24625
728.30000,0.24313
728.40000,0.24180
728.50000,0.24571
728.60000,0.24682
728.70000,0.24652
728.80000,0.24643
728.90000,0.24182
729.00000,0.22691
729.10000,0.24566
729.20000,0.22921
729.30000,0.23378
729.40000,0.23349
729.50000,0.23689
729.60000,0.24163
729.70000,0.22344
729.80000,0.24036
729.90000,0.24262
730.00000,0.24138
730.10000,0.24272
730.20000,0.23011
730.30000,0.23970
730.40000,0.23644
730.50000,0.22391
730.60000,0.21003
730.70000,0.23930
730.80000,0.23881
730.90000,0.24077
731.00000,0.24034
731.10000,0.22966
731.20000,0.23614
731.30000,0.23383
731.40000,0.23873
731.50000,0.23322
731.60000,0.23886
731.70000,0.23769
731.80000,0.23603
731.90000,0.22916
732.00000,0.23006
732.10000,0.22878
732.20000,0.23753
732.30000,0.23139
732.40000,0.23690
732.50000,0.23659
732.60000,0.23061
732.70000,0.23581
732.80000,0.23588
732.90000,0.22960
733.00000,0.23468
733.10000,0.23520
733.20000,0.23507
733.30000,0.22821
733.40000,0.23460
733.50000,0.22655
733.60000,0.22839
733.70000,0.23104
733.80000,0.23341
733.90000,0.23320
734.00000,0.23363
734.10000,0.23322
734.20000,0.23276
734.30000,0.23265
734.40000,0.23257
734.50000,0.23276
734.60000,0.22498
734.70000,0.22910
734.80000,0.23208
734.90000,0.23197
735.00000,0.22840
735.10000,0.22877
735.20000,0.22849
735.30000,0.23110
735.40000,0.23095
735.50000,0.22922
735.60000,0.22848
735.70000,0.22973
735.80000,0.22854
735.90000,0.22687
736.00000,0.22927
736.10000,0.22783
736.20000,0.22695
736.30000,0.22554
736.40000,0.22667
736.50000,0.22770
736.60000,0.22276
736.70000,0.22718
736.80000,0.22519
736.90000,0.22656
737.00000,0.22594
737.10000,0.22135
737.20000,0.22505
737.30000,0.22473
737.40000,0.22521
737.50000,0.22498
737.60000,0.22418
737.70000,0.22469
737.80000,0.22418
737.90000,0.22410
738.00000,0.22118
738.10000,0.22345
738.20000,0.22317
738.30000,0.22281
738.40000,0.22186
738.50000,0.22135
738.60000,0.21813
738.70000,0.22167
738.80000,0.22143
738.90000,0.22096
739.00000,0.22085
739.10000,0.22060
739.20000,0.21869
739.30000,0.21812
739.40000,0.21898
739.50000,0.21957
739.60000,0.21943
739.70000,0.21936
739.80000,0.21505
739.90000,0.21662
740.00000,0.21839
740.10000,0.21850
740.20000,0.21842
740.30000,0.21800
740.40000,0.21814
740.50000,0.21801
740.60000,0.21740
740.70000,0.21771
740.80000,0.21766
740.90000,0.21752
741.00000,0.21730
741.10000,0.21731
741.20000,0.21714
741.30000,0.21534
741.40000,0.21685
741.50000,0.21666
741.60000,0.21644
741.70000,0.21590
741.80000,0.21599
741.90000,0.21583
742.00000,0.21557
742.10000,0.21553
742.20000,0.21536
742.30000,0.21456
742.40000,0.21511
742.50000,0.21478
742.60000,0.21478
742.70000,0.21404
742.80000,0.21405
742.90000,0.21445
743.00000,0.21415
743.10000,0.21419
743.20000,0.21405
743.30000,0.21387
743.40000,0.21376
743.50000,0.21357
743.60000,0.21349
743.70000,0.21331
743.80000,0.21322
743.90000,0.21307
744.00000,0.21285
744.10000,0.21281
744.20000,0.21266
744.30000,0.21215
744.40000,0.21233
744.50000,0.21229
744.60000,0.21215
744.70000,0.21205
744.80000,0.21190
744.90000,0.21180
745.00000,0.21168
745.10000,0.21137
745.20000,0.21113
745.30000,0.21086
745.40000,0.21053
745.50000,0.21034
745.60000,0.21003
745.70000,0.20976
745.80000,0.20952
745.90000,0.20929
746.00000,0.20901
746.10000,0.20892
746.20000,0.20884
746.30000,0.20877
746.40000,0.20869
746.50000,0.20860
746.60000,0.20852
746.70000,0.20844
746.80000,0.20834
746.90000,0.20814
747.00000,0.20814
747.10000,0.20794
747.20000,0.20778
747.30000,0.20757
747.40000,0.20737
747.50000,0.20717
747.60000,0.20698
747.70000,0.20677
747.80000,0.20658
747.90000,0.20636
748.00000,0.20617
748.10000,0.20601
748.20000,0.20583
748.30000,0.20566
748.40000,0.20551
748.50000,0.20534
748.60000,0.20517
748.70000,0.20501
748.80000,0.20486
748.90000,0.20468
749.00000,0.20453
749.10000,0.20440
749.20000,0.20430
749.30000,0.20421
749.40000,0.20411
749.50000,0.20398
749.60000,0.20389
749.70000,0.20377
749.80000,0.20369
749.90000,0.20357
750.00000,0.20349
750.10000,0.20333
750.20000,0.20316
750.30000,0.20303
750.40000,0.20288
750.50000,0.20271
750.60000,0.20258
750.70000,0.20243
750.80000,0.20225
750.90000,0.20210
751.00000,0.20191
751.10000,0.20178
751.20000,0.20164
751.30000,0.20151
751.40000,0.20138
751.50000,0.20125
751.60000,0.20111
751.70000,0.20097
751.80000,0.20083
751.90000,0.20069
752.00000,0.20057
752.10000,0.20034
752.20000,0.20010
752.30000,0.19987
752.40000,0.19963
752.50000,0.19940
752.60000,0.19916
752.70000,0.19893
752.80000,0.19870
752.90000,0.19847
753.00000,0.19823
753.10000,0.19807
753.20000,0.19792
753.30000,0.19777
753.40000,0.19761
753.50000,0.19746
753.60000,0.19731
753.70000,0.19715
753.80000,0.19700
753.90000,0.19684
754.00000,0.19669
754.10000,0.19647
754.20000,0.19626
754.30000,0.19606
754.40000,0.19586
754.50000,0.19565
754.60000,0.19544
754.70000,0.19523
754.80000,0.19502
754.90000,0.19481
755.00000,0.19461
755.10000,0.19446
755.20000,0.19431
755.30000,0.19415
755.40000,0.19400
755.50000,0.19385
755.60000,0.19370
755.70000,0.19354
755.80000,0.19338
755.90000,0.19323
756.00000,0.19308
756.10000,0.19290
756.20000,0.19271
756.30000,0.19252
756.40000,0.19233
756.50000,0.19214
756.60000,0.19195
756.70000,0.19176
756.80000,0.19157
756.90000,0.19138
757.00000,0.19119
757.10000,0.19100
757.20000,0.19082
757.30000,0.19065
757.40000,0.19047
757.50000,0.19029
757.60000,0.19011
757.70000,0.18993
757.80000,0.18974
757.90000,0.18957
758.00000,0.18939
758.10000,0.18924
758.20000,0.18908
758.30000,0.18891
758.40000,0.18875
758.50000,0.18860
758.60000,0.18844
758.70000,0.18826
758.80000,0.18807
758.90000,0.18787
759.00000,0.18764
759.10000,0.18732
759.20000,0.18694
759.30000,0.18646
759.40000,0.18577
759.50000,0.18416
759.60000,0.09695
759.70000,0.09140
759.80000,0.07529
759.90000,0.12718
760.00000,0.11334
760.10000,0.03473
760.20000,0.04759
760.30000,0.08552
760.40000,0.02151
760.50000,0.09296
760.60000,0.04122
760.70000,0.07741
760.80000,0.05599
760.90000,0.03013
761.00000,0.01031
761.10000,0.06545
761.20000,0.07504
761.30000,0.09887
761.40000,0.04519
761.50000,0.07903
761.60000,0.14162
761.70000,0.06988
761.80000,0.10653
761.90000,0.17023
762.00000,0.17837
762.10000,0.17836
762.20000,0.16611
762.30000,0.05336
762.40000,0.15812
762.50000,0.10114
762.60000,0.12149
762.70000,0.09604
762.80000,0.15915
762.90000,0.03239
763.00000,0.06057
763.10000,0.13312
763.20000,0.15284
763.30000,0.04394
763.40000,0.04750
763.50000,0.12891
763.60000,0.15708
763.70000,0.06470
763.80000,0.07295
763.90000,0.12664
764.00000,0.16455
764.10000,0.14086
764.20000,0.07766
764.30000,0.05616
764.40000,0.16286
764.50000,0.16370
764.60000,0.08237
764.70000,0.09966
764.80000,0.13073
764.90000,0.16774
765.00000,0.16815
765.10000,0.07104
765.20000,0.08340
765.30000,0.15513
765.40000,0.16864
765.50000,0.17054
765.60000,0.08632
765.70000,0.11048
765.80000,0.15888
765.90000,0.17019
766.00000,0.17209
766.10000,0.14979
766.20000,0.14489
766.30000,0.14509
766.40000,0.17116
766.50000,0.17247
766.60000,0.17078
766.70000,0.09991
766.80000,0.08433
766.90000,0.17093
767.00000,0.17276
767.10000,0.17233
767.20000,0.17031
767.30000,0.15288
767.40000,0.13110
767.50000,0.17137
767.60000,0.17159
767.70000,0.17114
767.80000,0.17010
767.90000,0.14828
768.00000,0.14641
768.10000,0.17019
768.20000,0.17041
768.30000,0.17009
768.40000,0.16986
768.50000,0.13812
768.60000,0.14744
768.70000,0.16943
768.80000,0.16930
768.90000,0.16894
769.00000,0.16895
769.10000,0.16000
769.20000,0.15917
769.30000,0.16791
769.40000,0.16836
769.50000,0.16773
769.60000,0.16805
769.70000,0.16752
769.80000,0.15367
769.90000,0.15981
770.00000,0.16760
770.10000,0.16751
770.20000,0.16709
770.30000,0.16669
770.40000,0.16674
770.50000,0.16124
770.60000,0.16276
770.70000,0.16620
770.80000,0.16606
770.90000,0.16588
771.00000,0.16572
771.10000,0.16565
771.20000,0.16372
771.30000,0.16309
771.40000,0.16543
771.50000,0.16536
771.60000,0.16502
771.70000,0.16523
771.80000,0.16513
771.90000,0.16486
772.00000,0.16495
772.10000,0.16488
772.20000,0.16457
772.30000,0.16453
772.40000,0.16413
772.50000,0.16432
772.60000,0.16417
772.70000,0.16337
772.80000,0.16307
772.90000,0.16375
773.00000,0.16360
773.10000,0.16308
773.20000,0.16336
773.30000,0.16339
773.40000,0.16334
773.50000,0.16322
773.60000,0.16277
773.70000,0.16261
773.80000,0.16307
773.90000,0.16300
774.00000,0.16293
774.10000,0.16237
774.20000,0.16192
774.30000,0.16221
774.40000,0.16197
774.50000,0.16175
774.60000,0.16141
774.70000,0.16124
774.80000,0.16105
774.90000,0.16082
775.00000,0.16058
775.10000,0.16048
775.20000,0.16032
775.30000,0.16011
775.40000,0.16016
775.50000,0.16005
775.60000,0.15994
775.70000,0.15983
775.80000,0.15971
775.90000,0.15962
776.00000,0.15953
776.10000,0.15942
776.20000,0.15931
776.30000,0.15919
776.40000,0.15908
776.50000,0.15897
776.60000,0.15886
776.70000,0.15875
776.80000,0.15864
776.90000,0.15853
777.00000,0.15842
777.10000,0.15828
777.20000,0.15817
777.30000,0.15804
777.40000,0.15792
777.50000,0.15779
777.60000,0.15766
777.70000,0.15754
777.80000,0.15740
777.90000,0.15729
778.00000,0.15717
778.10000,0.15703
778.20000,0.15689
778.30000,0.15675
778.40000,0.15661
778.50000,0.15647
778.60000,0.15633
778.70000,0.15619
778.80000,0.15605
778.90000,0.15591
779.00000,0.15577
779.10000,0.15560
779.20000,0.15543
779.30000,0.15527
779.40000,0.15507
779.50000,0.15493
779.60000,0.15476
779.70000,0.15459
779.80000,0.15443
779.90000,0.15427
780.00000,0.15410
780.10000,0.15410
780.20000,0.15410
780.30000,0.15410
780.40000,0.15409
780.50000,0.15396
780.60000,0.15404
780.70000,0.15400
780.80000,0.15396
780.90000,0.15393
781.00000,0.15389
781.10000,0.15374
781.20000,0.15360
781.30000,0.15346
781.40000,0.15331
781.50000,0.15317
781.60000,0.15303
781.70000,0.15289
781.80000,0.15275
781.90000,0.15261
782.00000,0.15246
782.10000,0.15224
782.20000,0.15208
782.30000,0.15189
782.40000,0.15169
782.50000,0.15152
782.60000,0.15133
782.70000,0.15113
782.80000,0.15096
782.90000,0.15077
783.00000,0.15055
783.10000,0.15041
783.20000,0.15030
783.30000,0.15015
783.40000,0.15000
783.50000,0.14985
783.60000,0.14973
783.70000,0.14959
783.80000,0.14944
783.90000,0.14929
784.00000,0.14916
784.10000,0.14886
784.20000,0.14856
784.30000,0.14839
784.40000,0.14823
784.50000,0.14800
784.60000,0.14777
784.70000,0.14750
784.80000,0.14728
784.90000,0.14697
785.00000,0.14684
785.10000,0.14661
785.20000,0.14663
785.30000,0.14648
785.40000,0.14642
785.50000,0.14631
785.60000,0.14603
785.70000,0.14586
785.80000,0.14596
785.90000,0.14590
786.00000,0.14576
786.10000,0.14561
786.20000,0.14555
786.30000,0.14513
786.40000,0.14526
786.50000,0.14509
786.60000,0.14506
786.70000,0.14481
786.80000,0.14356
786.90000,0.14445
787.00000,0.14457
787.10000,0.14446
787.20000,0.14291
787.30000,0.14389
787.40000,0.14399
787.50000,0.14303
787.60000,0.14364
787.70000,0.14348
787.80000,0.14308
787.90000,0.14210
788.00000,0.14303
788.10000,0.14291
788.20000,0.14226
788.30000,0.14126
788.40000,0.14217
788.50000,0.14248
788.60000,0.14235
788.70000,0.14156
788.80000,0.14192
788.90000,0.14068
789.00000,0.14192
789.10000,0.14136
789.20000,0.14114
789.30000,0.14067
789.40000,0.13801
789.50000,0.14057
789.60000,0.13966
789.70000,0.13952
789.80000,0.13644
789.90000,0.13957
790.00000,0.13940
790.10000,0.13935
790.20000,0.13914
790.30000,0.13810
790.40000,0.13269
790.50000,0.13824
790.60000,0.13862
790.70000,0.13905
790.80000,0.13898
790.90000,0.13889
791.00000,0.13879
791.10000,0.13396
791.20000,0.13828
791.30000,0.13698
791.40000,0.13773
791.50000,0.13800
791.60000,0.13788
791.70000,0.13768
791.80000,0.13588
791.90000,0.13689
792.00000,0.13598
792.10000,0.13699
792.20000,0.13680
792.30000,0.13140
792.40000,0.13651
792.50000,0.13633
792.60000,0.13604
792.70000,0.13577
792.80000,0.13588
792.90000,0.13571
793.00000,0.13546
793.10000,0.13092
793.20000,0.13456
793.30000,0.13497
793.40000,0.13340
793.50000,0.13455
793.60000,0.13442
793.70000,0.13423
793.80000,0.13404
793.90000,0.13370
794.00000,0.13366
794.10000,0.13332
794.20000,0.13333
794.30000,0.13316
794.40000,0.13185
794.50000,0.13269
794.60000,0.13270
794.70000,0.13251
794.80000,0.13235
794.90000,0.13200
795.00000,0.13048
795.10000,0.13197
795.20000,0.13187
795.30000,0.13074
795.40000,0.13167
795.50000,0.13165
795.60000,0.13055
795.70000,0.13149
795.80000,0.13115
795.90000,0.13130
796.00000,0.13102
796.10000,0.12989
796.20000,0.13049
796.30000,0.12720
796.40000,0.12907
796.50000,0.12684
796.60000,0.13000
796.70000,0.12943
796.80000,0.12993
796.90000,0.12975
797.00000,0.12825
797.10000,0.12872
797.20000,0.12922
797.30000,0.12899
797.40000,0.12709
797.50000,0.12866
797.60000,0.12809
797.70000,0.12768
797.80000,0.12808
797.90000,0.12763
798.00000,0.12756
798.10000,0.12763
798.20000,0.12709
798.30000,0.12743
798.40000,0.12736
798.50000,0.12733
798.60000,0.12689
798.70000,0.12715
798.80000,0.12704
798.90000,0.12701
799.00000,0.12679
799.10000,0.12693
799.20000,0.12671
799.30000,0.12506
799.40000,0.12613
799.50000,0.12600
799.60000,0.12512
799.70000,0.12557
799.80000,0.12524
799.90000,0.12509
800.00000,0.12453
800.10000,0.12436
800.20000,0.12440
800.30000,0.12403
800.40000,0.12441
800.50000,0.12429
800.60000,0.12406
800.70000,0.12356
800.80000,0.12404
800.90000,0.12351
801.00000,0.12024
801.10000,0.12383
801.20000,0.12379
801.30000,0.12283
801.40000,0.12358
801.50000,0.12085
801.60000,0.12227
801.70000,0.12295
801.80000,0.12335
801.90000,0.12321
802.00000,0.12277
802.10000,0.12324
802.20000,0.12309
802.30000,0.12085
802.40000,0.12232
802.50000,0.12208
802.60000,0.12176
802.70000,0.12250
802.80000,0.12211
802.90000,0.12207
803.00000,0.12152
803.10000,0.12103
803.20000,0.12206
803.30000,0.12220
803.40000,0.12204
803.50000,0.12206
803.60000,0.12049
803.70000,0.12159
803.80000,0.12167
803.90000,0.12113
804.00000,0.12153
804.10000,0.12166
804.20000,0.12015
804.30000,0.12139
804.40000,0.12118
804.50000,0.12083
804.60000,0.12036
804.70000,0.12084
804.80000,0.11969
804.90000,0.12106
805.00000,0.12113
805.10000,0.12059
805.20000,0.12104
805.30000,0.12099
805.40000,0.12094
805.50000,0.12031
805.60000,0.12082
805.70000,0.12040
805.80000,0.12071
805.90000,0.12066
806.00000,0.12072
806.10000,0.12028
806.20000,0.11998
806.30000,0.12025
806.40000,0.12002
806.50000,0.11965
806.60000,0.11972
806.70000,0.11948
806.80000,0.11922
806.90000,0.11942
807.00000,0.11911
807.10000,0.11902
807.20000,0.11795
807.30000,0.11869
807.40000,0.11884
807.50000,0.11872
807.60000,0.11864
807.70000,0.11815
807.80000,0.11810
807.90000,0.11827
808.00000,0.11820
808.10000,0.11781
808.20000,0.11784
808.30000,0.11798
808.40000,0.11768
808.50000,0.11776
808.60000,0.11798
808.70000,0.11691
808.80000,0.11687
808.90000,0.11782
809.00000,0.11774
809.10000,0.11752
809.20000,0.11755
809.30000,0.11672
809.40000,0.11720
809.50000,0.11721
809.60000,0.11660
809.70000,0.11647
809.80000,0.11680
809.90000,0.11563
810.00000,0.11644
810.10000,0.11549
810.20000,0.11666
810.30000,0.11662
810.40000,0.11641
810.50000,0.11638
810.60000,0.11674
810.70000,0.11600
810.80000,0.11648
810.90000,0.11660
811.00000,0.11403
811.10000,0.11628
811.20000,0.11592
811.30000,0.11518
811.40000,0.11601
811.50000,0.11570
811.60000,0.11122
811.70000,0.11482
811.80000,0.11544
811.90000,0.11517
812.00000,0.11472
812.10000,0.11255
812.20000,0.11499
812.30000,0.11366
812.40000,0.11396
812.50000,0.11251
812.60000,0.11394
812.70000,0.11403
812.80000,0.11443
812.90000,0.11266
813.00000,0.11489
813.10000,0.11484
813.20000,0.11268
813.30000,0.11033
813.40000,0.11388
813.50000,0.11371
813.60000,0.09920
813.70000,0.10960
813.80000,0.11383
813.90000,0.11138
814.00000,0.11421
814.10000,0.11243
814.20000,0.11117
814.30000,0.09985
814.40000,0.10564
814.50000,0.11339
814.60000,0.10758
814.70000,0.11253
814.80000,0.11153
814.90000,0.10987
815.00000,0.11115
815.10000,0.10707
815.20000,0.09609
815.30000,0.11258
815.40000,0.11231
815.50000,0.10248
815.60000,0.10363
815.70000,0.08891
815.80000,0.11142
815.90000,0.11117
816.00000,0.09710
816.10000,0.11098
816.20000,0.11134
816.30000,0.11049
816.40000,0.08932
816.50000,0.10460
816.60000,0.10808
816.70000,0.09262
816.80000,0.10979
816.90000,0.10987
817.00000,0.11008
817.10000,0.09812
817.20000,0.09268
817.30000,0.10938
817.40000,0.10965
817.50000,0.10950
817.60000,0.10933
817.70000,0.10776
817.80000,0.10968
817.90000,0.09246
818.00000,0.09590
818.10000,0.10063
818.20000,0.10848
818.30000,0.10943
818.40000,0.09560
818.50000,0.10802
818.60000,0.10927
818.70000,0.10940
818.80000,0.10796
818.90000,0.10138
819.00000,0.10807
819.10000,0.10337
819.20000,0.10374
819.30000,0.10886
819.40000,0.10887
819.50000,0.09949
819.60000,0.10678
819.70000,0.10896
819.80000,0.10901
819.90000,0.10858
820.00000,0.08440
820.10000,0.10523
820.20000,0.10492
820.30000,0.09807
820.40000,0.10816
820.50000,0.10838
820.60000,0.10828
820.70000,0.10680
820.80000,0.10792
820.90000,0.10757
821.00000,0.10742
821.10000,0.10724
821.20000,0.10525
821.30000,0.10663
821.40000,0.10341
821.50000,0.10631
821.60000,0.10640
821.70000,0.10611
821.80000,0.10647
821.90000,0.10601
822.00000,0.10202
822.10000,0.10509
822.20000,0.10574
822.30000,0.10537
822.40000,0.09933
822.50000,0.10511
822.60000,0.09658
822.70000,0.10378
822.80000,0.09927
822.90000,0.08621
823.00000,0.08805
823.10000,0.07839
823.20000,0.09280
823.30000,0.10064
823.40000,0.08446
823.50000,0.10332
823.60000,0.08971
823.70000,0.10090
823.80000,0.10252
823.90000,0.10242
824.00000,0.10052
824.10000,0.10210
824.20000,0.09781
824.30000,0.10188
824.40000,0.10161
824.50000,0.10041
824.60000,0.08459
824.70000,0.10079
824.80000,0.10071
824.90000,0.09997
825.00000,0.10015
825.10000,0.09974
825.20000,0.09984
825.30000,0.09968
825.40000,0.09946
825.50000,0.09120
825.60000,0.09923
825.70000,0.09886
825.80000,0.09830
825.90000,0.08618
826.00000,0.09765
826.10000,0.09842
826.20000,0.08430
826.30000,0.09763
826.40000,0.09774
826.50000,0.09729
826.60000,0.09380
826.70000,0.09688
826.80000,0.09723
826.90000,0.09705
827.00000,0.09692
827.10000,0.09663
827.20000,0.09653
827.30000,0.09631
827.40000,0.09306
827.50000,0.09497
827.60000,0.09487
827.70000,0.08517
827.80000,0.09503
827.90000,0.08061
828.00000,0.09505
828.10000,0.09391
828.20000,0.08375
828.30000,0.09431
828.40000,0.08456
828.50000,0.09306
828.60000,0.09388
828.70000,0.09369
828.80000,0.09348
828.90000,0.09295
829.00000,0.07239
829.10000,0.09200
829.20000,0.08638
829.30000,0.09255
829.40000,0.09246
829.50000,0.09237
829.60000,0.08783
829.70000,0.08575
829.80000,0.09080
829.90000,0.09178
830.00000,0.09163
830.10000,0.09130
830.20000,0.09078
830.30000,0.08600
830.40000,0.09104
830.50000,0.09078
830.60000,0.08991
830.70000,0.08078
830.80000,0.08995
830.90000,0.09048
831.00000,0.09024
831.10000,0.09061
831.20000,0.09077
831.30000,0.09065
831.40000,0.08447
831.50000,0.09090
831.60000,0.08982
831.70000,0.09115
831.80000,0.08967
831.90000,0.08962
832.00000,0.09018
832.10000,0.09050
832.20000,0.09146
832.30000,0.08885
832.40000,0.07866
832.50000,0.09154
832.60000,0.09169
832.70000,0.09173
832.80000,0.09150
832.90000,0.09093
833.00000,0.09184
833.10000,0.09111
833.20000,0.08310
833.30000,0.09147
833.40000,0.09147
833.50000,0.09079
833.60000,0.08799
833.70000,0.09161
833.80000,0.08902
833.90000,0.09189
834.00000,0.09190
834.10000,0.08416
834.20000,0.09160
834.30000,0.09219
834.40000,0.09143
834.50000,0.09216
834.60000,0.09219
834.70000,0.09234
834.80000,0.09251
834.90000,0.09251
835.00000,0.09251
835.10000,0.09175
835.20000,0.09130
835.30000,0.09247
835.40000,0.09247
835.50000,0.09173
835.60000,0.08962
835.70000,0.09106
835.80000,0.09226
835.90000,0.08954
836.00000,0.09123
836.10000,0.09218
836.20000,0.09162
836.30000,0.09220
836.40000,0.09053
836.50000,0.09140
836.60000,0.09222
836.70000,0.09223
836.80000,0.09227
836.90000,0.09171
837.00000,0.09133
837.10000,0.09240
837.20000,0.09226
837.30000,0.09223
837.40000,0.09282
837.50000,0.09286
837.60000,0.09015
837.70000,0.09277
837.80000,0.09299
837.90000,0.09149
838.00000,0.09328
838.10000,0.09355
838.20000,0.09360
838.30000,0.09357
838.40000,0.09321
838.50000,0.09348
838.60000,0.09312
838.70000,0.09308
838.80000,0.09247
838.90000,0.09328
839.00000,0.09291
839.10000,0.09346
839.20000,0.09340
839.30000,0.09374
839.40000,0.09381
839.50000,0.09387
839.60000,0.09326
839.70000,0.09348
839.80000,0.09403
839.90000,0.09409
840.00000,0.09386
840.10000,0.09433
840.20000,0.09426
840.30000,0.09416
840.40000,0.09460
840.50000,0.09461
840.60000,0.09474
840.70000,0.09481
840.80000,0.09376
840.90000,0.09487
841.00000,0.09471
841.10000,0.09277
841.20000,0.09331
841.30000,0.09389
841.40000,0.09368
841.50000,0.09341
841.60000,0.09311
841.70000,0.09282
841.80000,0.09147
841.90000,0.09227
842.00000,0.09194
842.10000,0.09082
842.20000,0.09180
842.30000,0.09157
842.40000,0.09150
842.50000,0.09137
842.60000,0.09123
842.70000,0.09110
842.80000,0.09090
842.90000,0.09077
843.00000,0.09038
843.10000,0.09058
843.20000,0.09026
843.30000,0.08934
843.40000,0.09040
843.50000,0.09023
843.60000,0.09025
843.70000,0.08995
843.80000,0.09004
843.90000,0.08940
844.00000,0.08964
844.10000,0.08980
844.20000,0.08969
844.30000,0.08935
844.40000,0.08948
844.50000,0.08874
844.60000,0.08923
844.70000,0.08870
844.80000,0.08894
844.90000,0.08881
845.00000,0.08871
845.10000,0.08850
845.20000,0.08827
845.30000,0.08794
845.40000,0.08771
845.50000,0.08760
845.60000,0.08738
845.70000,0.08715
845.80000,0.08695
845.90000,0.08666
846.00000,0.08648
846.10000,0.08633
846.20000,0.08608
846.30000,0.08574
846.40000,0.08577
846.50000,0.08549
846.60000,0.08541
846.70000,0.08532
846.80000,0.08515
846.90000,0.08498
847.00000,0.08479
847.10000,0.08477
847.20000,0.08471
847.30000,0.08469
847.40000,0.08465
847.50000,0.08461
847.60000,0.08452
847.70000,0.08448
847.80000,0.08449
847.90000,0.08444
848.00000,0.08430
848.10000,0.08430
848.20000,0.08384
848.30000,0.08421
848.40000,0.08422
848.50000,0.08412
848.60000,0.08414
848.70000,0.08409
848.80000,0.08404
848.90000,0.08374
849.00000,0.08392
849.10000,0.08370
849.20000,0.08353
849.30000,0.08332
849.40000,0.08257
849.50000,0.08290
849.60000,0.08251
849.70000,0.08248
849.80000,0.08227
849.90000,0.08189
850.00000,0.08186
850.10000,0.08167
850.20000,0.08130
850.30000,0.08134
850.40000,0.08117
850.50000,0.08096
850.60000,0.08081
850.70000,0.08065
850.80000,0.08003
850.90000,0.08031
851.00000,0.08014
851.10000,0.07994
851.20000,0.07964
851.30000,0.07953
851.40000,0.07880
851.50000,0.07880
851.60000,0.07889
851.70000,0.07875
851.80000,0.07844
851.90000,0.07827
852.00000,0.07812
852.10000,0.07802
852.20000,0.07721
852.30000,0.07784
852.40000,0.07774
852.50000,0.07751
852.60000,0.07753
852.70000,0.07737
852.80000,0.07733
852.90000,0.07711
853.00000,0.07713
853.10000,0.07667
853.20000,0.07615
853.30000,0.07575
853.40000,0.07520
853.50000,0.07486
853.60000,0.07440
853.70000,0.07361
853.80000,0.07350
853.90000,0.07286
854.00000,0.07262
854.10000,0.07157
854.20000,0.07034
854.30000,0.06888
854.40000,0.06848
854.50000,0.06746
854.60000,0.06643
854.70000,0.06542
854.80000,0.06440
854.90000,0.06337
855.00000,0.06238
855.10000,0.05875
855.20000,0.05511
855.30000,0.05152
855.40000,0.04797
855.50000,0.04438
855.60000,0.04070
855.70000,0.03725
855.80000,0.03374
855.90000,0.03020
856.00000,0.02672
856.10000,0.02542
856.20000,0.02419
856.30000,0.02294
856.40000,0.02169
856.50000,0.02041
856.60000,0.01920
856.70000,0.01796
856.80000,0.01673
856.90000,0.01549
857.00000,0.01427
857.10000,0.01322
857.20000,0.01220
857.30000,0.01116
857.40000,0.01014
857.50000,0.00912
857.60000,0.00811
857.70000,0.00709
857.80000,0.00608
857.90000,0.00508
858.00000,0.00407
858.10000,0.00382
858.20000,0.00356
858.30000,0.00331
858.40000,0.00306
858.50000,0.00280
858.60000,0.00255
858.70000,0.00230
858.80000,0.00205
858.90000,0.00180
859.00000,0.00156
859.10000,0.00146
859.20000,0.00136
859.30000,0.00127
859.40000,0.00117
859.50000,0.00107
859.60000,0.00098
859.70000,0.00088
859.80000,0.00079
859.90000,0.00070
860.00000,0.00060
860.10000,0.00056
860.20000,0.00051
860.30000,0.00047
860.40000,0.00043
860.50000,0.00039
860.60000,0.00034
860.70000,0.00030
860.80000,0.00026
860.90000,0.00022
861.00000,0.00018
861.10000,0.00017
861.20000,0.00016
861.30000,0.00015
861.40000,0.00014
861.50000,0.00013
861.60000,0.00012
861.70000,0.00011
861.80000,0.00010
861.90000,0.00010
862.00000,0.00009
862.10000,0.00008
862.20000,0.00008
862.30000,0.00007
862.40000,0.00007
862.50000,0.00006
862.60000,0.00006
862.70000,0.00005
862.80000,0.00005
862.90000,0.00005
863.00000,0.00004
863.10000,0.00004
863.20000,0.00004
863.30000,0.00004
863.40000,0.00003
863.50000,0.00003
863.60000,0.00003
863.70000,0.00003
863.80000,0.00003
863.90000,0.00002
864.00000,0.00002
864.10000,0.00002
864.20000,0.00002
864.30000,0.00002
864.40000,0.00002
864.50000,0.00002
864.60000,0.00002
864.70000,0.00002
864.80000,0.00002
864.90000,0.00001
865.00000,0.00001
865.10000,0.00001
865.20000,0.00001
865.30000,0.00001
865.40000,0.00001
865.50000,0.00001
865.60000,0.00001
865.70000,0.00001
865.80000,0.00001
865.90000,0.00001
866.00000,0.00000
866.10000,0.00000
866.20000,0.00000
866.30000,0.00000
866.40000,0.00000
866.50000,0.00000
866.60000,0.00000
866.70000,0.00000
866.80000,0.00000
866.90000,0.00000
867.00000,0.00000
867.10000,0.00000
867.20000,0.00000
867.30000,0.00000
867.40000,0.00000
867.50000,0.00000
867.60000,0.00000
867.70000,0.00000
867.80000,0.00000
867.90000,0.00000
868.00000,0.00000
868.10000,0.00000
868.20000,0.00000
868.30000,0.00000
868.40000,0.00000
868.50000,0.00000
868.60000,0.00000
868.70000,0.00000
868.80000,0.00000
868.90000,0.00000
869.00000,0.00000
869.10000,0.00000
869.20000,0.00000
869.30000,0.00000
869.40000,0.00000
869.50000,0.00000
869.60000,0.00000
869.70000,0.00000
869.80000,0.00000
869.90000,0.00000
870.00000,0.00000
870.10000,0.00000
870.20000,0.00000
870.30000,0.00000
870.40000,0.00000
870.50000,0.00000
870.60000,0.00000
870.70000,0.00000
870.80000,0.00000
870.90000,0.00000
871.00000,0.00000
871.10000,0.00000
871.20000,0.00000
871.30000,0.00000
871.40000,0.00000
871.50000,0.00000
871.60000,0.00000
871.70000,0.00000
871.80000,0.00000
871.90000,0.00000
872.00000,0.00000
872.10000,0.00000
872.20000,0.00000
872.30000,0.00000
872.40000,0.00000
872.50000,0.00000
872.60000,0.00000
872.70000,0.00000
872.80000,0.00000
872.90000,0.00000
873.00000,0.00000
873.10000,0.00000
873.20000,0.00000
873.30000,0.00000
873.40000,0.00000
873.50000,0.00000
873.60000,0.00000
873.70000,0.00000
873.80000,0.00000
873.90000,0.00000
874.00000,0.00000
874.10000,0.00000
874.20000,0.00000
874.30000,0.00000
874.40000,0.00000
874.50000,0.00000
874.60000,0.00000
874.70000,0.00000
874.80000,0.00000
874.90000,0.00000
875.00000,0.00000
875.10000,0.00000
875.20000,0.00000
875.30000,0.00000
875.40000,0.00000
875.50000,0.00000
875.60000,0.00000
875.70000,0.00000
875.80000,0.00000
875.90000,0.00000
876.00000,0.00000
876.10000,0.00000
876.20000,0.00000
876.30000,0.00000
876.40000,0.00000
876.50000,0.00000
876.60000,0.00000
876.70000,0.00000
876.80000,0.00000
876.90000,0.00000
877.00000,0.00000
877.10000,0.00000
877.20000,0.00000
877.30000,0.00000
877.40000,0.00000
877.50000,0.00000
877.60000,0.00000
877.70000,0.00000
877.80000,0.00000
877.90000,0.00001
878.00000,0.00001
878.10000,0.00001
878.20000,0.00000
878.30000,0.00000
878.40000,0.00000
878.50000,0.00000
878.60000,0.00000
878.70000,0.00000
878.80000,0.00000
878.90000,0.00000
879.00000,0.00000
879.10000,0.00000
879.20000,0.00000
879.30000,0.00000
879.40000,0.00000
879.50000,0.00000
879.60000,0.00000
879.70000,0.00000
879.80000,0.00000
879.90000,0.00000
880.00000,0.00000
880.10000,0.00000
880.20000,0.00000
880.30000,0.00000
880.40000,0.00000
880.50000,0.00000
880.60000,0.00000
880.70000,0.00000
880.80000,0.00000
880.90000,0.00000
881.00000,0.00000
881.10000,0.00000
881.20000,0.00000
881.30000,0.00000
881.40000,0.00000
881.50000,0.00000
881.60000,0.00000
881.70000,0.00000
881.80000,0.00000
881.90000,0.00000
882.00000,0.00000
882.10000,0.00000
882.20000,0.00000
882.30000,0.00000
882.40000,0.00000
882.50000,0.00000
882.60000,0.00000
882.70000,0.00000
882.80000,0.00000
882.90000,0.00000
883.00000,0.00000
883.10000,0.00000
883.20000,0.00000
883.30000,0.00000
883.40000,0.00000
883.50000,0.00000
883.60000,0.00000
883.70000,0.00000
883.80000,0.00000
883.90000,0.00000
884.00000,0.00000
884.10000,0.00000
884.20000,0.00000
884.30000,0.00000
884.40000,0.00000
884.50000,0.00000
884.60000,0.00000
884.70000,0.00000
884.80000,0.00000
884.90000,0.00000
885.00000,0.00000
885.10000,0.00000
885.20000,0.00000
885.30000,0.00000
885.40000,0.00000
885.50000,0.00000
885.60000,0.00000
885.70000,0.00000
885.80000,0.00000
885.90000,0.00000
886.00000,0.00000
886.10000,0.00000
886.20000,0.00000
886.30000,0.00000
886.40000,0.00000
886.50000,0.00000
886.60000,0.00000
886.70000,0.00000
886.80000,0.00000
886.90000,0.00000
887.00000,0.00000
887.10000,0.00000
887.20000,0.00000
887.30000,0.00000
887.40000,0.00000
887.50000,0.00000
887.60000,0.00000
887.70000,0.00000
887.80000,0.00000
887.90000,0.00000
888.00000,0.00000
888.10000,0.00000
888.20000,0.00000
888.30000,0.00000
888.40000,0.00000
888.50000,0.00000
888.60000,0.00000
888.70000,0.00000
888.80000,0.00000
888.90000,0.00000
889.00000,0.00000
889.10000,0.00000
889.20000,0.00000
889.30000,0.00000
889.40000,0.00000
889.50000,0.00000
889.60000,0.00000
889.70000,0.00000
889.80000,0.00000
889.90000,0.00000
890.00000,0.00000
890.10000,0.00000
890.20000,0.00000
890.30000,0.00000
890.40000,0.00000
890.50000,0.00000
890.60000,0.00000
890.70000,0.00000
890.80000,0.00000
890.90000,0.00000
891.00000,0.00000
891.10000,0.00000
891.20000,0.00000
891.30000,0.00000
891.40000,0.00000
891.50000,0.00000
891.60000,0.00000
891.70000,0.00000
891.80000,0.00000
891.90000,0.00000
892.00000,0.00000
892.10000,0.00000
892.20000,0.00000
892.30000,0.00000
892.40000,0.00000
892.50000,0.00000
892.60000,0.00000
892.70000,0.00000
892.80000,0.00000
892.90000,0.00000
893.00000,0.00000
893.10000,0.00000
893.20000,0.00000
893.30000,0.00000
893.40000,0.00000
893.50000,0.00000
893.60000,0.00000
893.70000,0.00000
893.80000,0.00000
893.90000,0.00000
894.00000,0.00000
894.10000,0.00000
894.20000,0.00000
894.30000,0.00000
894.40000,0.00000
894.50000,0.00000
894.60000,0.00000
894.70000,0.00000
894.80000,0.00000
894.90000,0.00000
895.00000,0.00000
895.10000,0.00000
895.20000,0.00000
895.30000,0.00000
895.40000,0.00000
895.50000,0.00000
895.60000,0.00000
895.70000,0.00000
895.80000,0.00000
895.90000,0.00000
896.00000,0.00000
896.10000,0.00000
896.20000,0.00000
896.30000,0.00000
896.40000,0.00000
896.50000,0.00000
896.60000,0.00000
896.70000,0.00000
896.80000,0.00000
896.90000,0.00000
897.00000,0.00000
897.10000,0.00000
897.20000,0.00000
897.30000,0.00000
897.40000,0.00000
897.50000,0.00000
897.60000,0.00000
897.70000,0.00000
897.80000,0.00000
897.90000,0.00000
898.00000,0.00000
898.10000,0.00000
898.20000,0.00000
898.30000,0.00000
898.40000,0.00000
898.50000,0.00000
898.60000,0.00000
898.70000,0.00000
898.80000,0.00000
898.90000,0.00000
899.00000,0.00000
899.10000,0.00000
899.20000,0.00000
899.30000,0.00000
899.40000,0.00000
899.50000,0.00000
899.60000,0.00000
899.70000,0.00000
899.80000,0.00000
899.90000,0.00000
900.00000,0.00000
900.10000,0.00000
900.20000,0.00000
900.30000,0.00000
900.40000,0.00000
900.50000,0.00000
900.60000,0.00000
900.70000,0.00000
900.80000,0.00000
900.90000,0.00000
901.00000,0.00000
901.10000,0.00000
901.20000,0.00000
901.30000,0.00000
901.40000,0.00000
901.50000,0.00000
901.60000,0.00000
901.70000,0.00000
901.80000,0.00000
901.90000,0.00000
902.00000,0.00000
902.10000,0.00000
902.20000,0.00000
902.30000,0.00000
902.40000,0.00000
902.50000,0.00000
902.60000,0.00000
902.70000,0.00000
902.80000,0.00000
902.90000,0.00000
903.00000,0.00000
903.10000,0.00000
903.20000,0.00000
903.30000,0.00000
903.40000,0.00000
903.50000,0.00000
903.60000,0.00000
903.70000,0.00000
903.80000,0.00000
903.90000,0.00000
904.00000,0.00000
904.10000,0.00000
904.20000,0.00000
904.30000,0.00000
904.40000,0.00000
904.50000,0.00000
904.60000,0.00000
904.70000,0.00000
904.80000,0.00000
904.90000,0.00000
905.00000,0.00000
905.10000,0.00000
905.20000,0.00000
905.30000,0.00000
905.40000,0.00000
905.50000,0.00000
905.60000,0.00000
905.70000,0.00000
905.80000,0.00000
905.90000,0.00000
906.00000,0.00000
906.10000,0.00000
906.20000,0.00000
906.30000,0.00000
906.40000,0.00000
906.50000,0.00000
906.60000,0.00000
906.70000,0.00000
906.80000,0.00000
906.90000,0.00000
907.00000,0.00000
907.10000,0.00000
907.20000,0.00000
907.30000,0.00000
907.40000,0.00000
907.50000,0.00000
907.60000,0.00000
907.70000,0.00000
907.80000,0.00000
907.90000,0.00000
908.00000,0.00000
908.10000,0.00000
908.20000,0.00000
908.30000,0.00000
908.40000,0.00000
908.50000,0.00000
908.60000,0.00000
908.70000,0.00000
908.80000,0.00000
908.90000,0.00000
909.00000,0.00000
909.10000,0.00000
909.20000,0.00000
909.30000,0.00000
909.40000,0.00000
909.50000,0.00000
909.60000,0.00000
909.70000,0.00000
909.80000,0.00000
909.90000,0.00000
910.00000,0.00000
910.10000,0.00000
910.20000,0.00000
910.30000,0.00000
910.40000,0.00000
910.50000,0.00000
910.60000,0.00000
910.70000,0.00000
910.80000,0.00000
910.90000,0.00000
911.00000,0.00000
911.10000,0.00000
911.20000,0.00000
911.30000,0.00000
911.40000,0.00000
911.50000,0.00000
911.60000,0.00000
911.70000,0.00000
911.80000,0.00000
911.90000,0.00000
912.00000,0.00000
912.10000,0.00000
912.20000,0.00000
912.30000,0.00000
912.40000,0.00000
912.50000,0.00000
912.60000,0.00000
912.70000,0.00000
912.80000,0.00000
912.90000,0.00000
913.00000,0.00000
913.10000,0.00000
913.20000,0.00000
913.30000,0.00000
913.40000,0.00000
913.50000,0.00000
913.60000,0.00000
913.70000,0.00000
913.80000,0.00000
913.90000,0.00000
914.00000,0.00000
914.10000,0.00000
914.20000,0.00000
914.30000,0.00000
914.40000,0.00000
914.50000,0.00000
914.60000,0.00000
914.70000,0.00000
914.80000,0.00000
914.90000,0.00000
915.00000,0.00000
915.10000,0.00000
915.20000,0.00000
915.30000,0.00000
915.40000,0.00000
915.50000,0.00000
915.60000,0.00000
915.70000,0.00000
915.80000,0.00000
915.90000,0.00000
916.00000,0.00000
916.10000,0.00000
916.20000,0.00000
916.30000,0.00000
916.40000,0.00000
916.50000,0.00000
916.60000,0.00000
916.70000,0.00000
916.80000,0.00000
916.90000,0.00000
917.00000,0.00000
917.10000,0.00000
917.20000,0.00000
917.30000,0.00000
917.40000,0.00000
917.50000,0.00000
917.60000,0.00000
917.70000,0.00000
917.80000,0.00000
917.90000,0.00000
918.00000,0.00000
918.10000,0.00000
918.20000,0.00000
918.30000,0.00000
918.40000,0.00000
918.50000,0.00000
918.60000,0.00000
918.70000,0.00000
918.80000,0.00000
918.90000,0.00000
919.00000,0.00000
919.10000,0.00000
919.20000,0.00000
919.30000,0.00000
919.40000,0.00000
919.50000,0.00000
919.60000,0.00000
919.70000,0.00000
919.80000,0.00000
919.90000,0.00000
920.00000,0.00000
920.10000,0.00000
920.20000,0.00000
920.30000,0.00000
920.40000,0.00000
920.50000,0.00000
920.60000,0.00000
920.70000,0.00000
920.80000,0.00000
920.90000,0.00000
921.00000,0.00000
921.10000,0.00000
921.20000,0.00000
921.30000,0.00000
921.40000,0.00000
921.50000,0.00000
921.60000,0.00000
921.70000,0.00000
921.80000,0.00000
921.90000,0.00000
922.00000,0.00000
922.10000,0.00000
922.20000,0.00000
922.30000,0.00000
922.40000,0.00000
922.50000,0.00000
922.60000,0.00000
922.70000,0.00000
922.80000,0.00000
922.90000,0.00000
923.00000,0.00000
923.10000,0.00000
923.20000,0.00000
923.30000,0.00000
923.40000,0.00000
923.50000,0.00000
923.60000,0.00000
923.70000,0.00000
923.80000,0.00000
923.90000,0.00000
924.00000,0.00000
924.10000,0.00000
924.20000,0.00000
924.30000,0.00000
924.40000,0.00000
924.50000,0.00000
924.60000,0.00000
924.70000,0.00000
924.80000,0.00000
924.90000,0.00000
925.00000,0.00000
925.10000,0.00000
925.20000,0.00000
925.30000,0.00000
925.40000,0.00000
925.50000,0.00000
925.60000,0.00000
925.70000,0.00000
925.80000,0.00000
925.90000,0.00000
926.00000,0.00000
926.10000,0.00000
926.20000,0.00000
926.30000,0.00000
926.40000,0.00000
926.50000,0.00000
926.60000,0.00000
926.70000,0.00000
926.80000,0.00000
926.90000,0.00000
927.00000,0.00000
927.10000,0.00000
927.20000,0.00000
927.30000,0.00000
927.40000,0.00000
927.50000,0.00000
927.60000,0.00000
927.70000,0.00000
927.80000,0.00000
927.90000,0.00000
928.00000,0.00000
928.10000,0.00000
928.20000,0.00000
928.30000,0.00000
928.40000,0.00000
928.50000,0.00000
928.60000,0.00000
928.70000,0.00000
928.80000,0.00000
928.90000,0.00000
929.00000,0.00000
929.10000,0.00000
929.20000,0.00000
929.30000,0.00000
929.40000,0.00000
929.50000,0.00000
929.60000,0.00000
929.70000,0.00000
929.80000,0.00000
929.90000,0.00000
930.00000,0.00000
930.10000,0.00000
930.20000,0.00000
930.30000,0.00000
930.40000,0.00000
930.50000,0.00000
930.60000,0.00000
930.70000,0.00000
930.80000,0.00000
930.90000,0.00000
931.00000,0.00000
931.10000,0.00000
931.20000,0.00000
931.30000,0.00000
931.40000,0.00000
931.50000,0.00000
931.60000,0.00000
931.70000,0.00000
931.80000,0.00000
931.90000,0.00000
932.00000,0.00000
932.10000,0.00000
932.20000,0.00000
932.30000,0.00000
932.40000,0.00000
932.50000,0.00000
932.60000,0.00000
932.70000,0.00000
932.80000,0.00000
932.90000,0.00000
933.00000,0.00000
933.10000,0.00000
933.20000,0.00000
933.30000,0.00000
933.40000,0.00000
933.50000,0.00000
933.60000,0.00000
933.70000,0.00000
933.80000,0.00000
933.90000,0.00000
934.00000,0.00000
934.10000,0.00000
934.20000,0.00000
934.30000,0.00000
934.40000,0.00000
934.50000,0.00000
934.60000,0.00000
934.70000,0.00000
934.80000,0.00000
934.90000,0.00000
935.00000,0.00000
935.10000,0.00000
935.20000,0.00000
935.30000,0.00000
935.40000,0.00000
935.50000,0.00000
935.60000,0.00000
935.70000,0.00000
935.80000,0.00000
935.90000,0.00000
936.00000,0.00000
936.10000,0.00000
936.20000,0.00000
936.30000,0.00000
936.40000,0.00000
936.50000,0.00000
936.60000,0.00000
936.70000,0.00000
936.80000,0.00000
936.90000,0.00000
937.00000,0.00000
937.10000,0.00000
937.20000,0.00000
937.30000,0.00000
937.40000,0.00000
937.50000,0.00000
937.60000,0.00000
937.70000,0.00000
937.80000,0.00000
937.90000,0.00000
938.00000,0.00000
938.10000,0.00000
938.20000,0.00000
938.30000,0.00000
938.40000,0.00000
938.50000,0.00000
938.60000,0.00000
938.70000,0.00000
938.80000,0.00000
938.90000,0.00000
939.00000,0.00000
939.10000,0.00000
939.20000,0.00000
939.30000,0.00000
939.40000,0.00000
939.50000,0.00000
939.60000,0.00000
939.70000,0.00000
939.80000,0.00000
939.90000,0.00000
940.00000,0.00000
940.10000,0.00000
940.20000,0.00000
940.30000,0.00000
940.40000,0.00000
940.50000,0.00000
940.60000,0.00000
940.70000,0.00000
940.80000,0.00000
940.90000,0.00000
941.00000,0.00000
941.10000,0.00000
941.20000,0.00000
941.30000,0.00000
941.40000,0.00000
941.50000,0.00000
941.60000,0.00000
941.70000,0.00000
941.80000,0.00000
941.90000,0.00000
942.00000,0.00000
942.10000,0.00000
942.20000,0.00000
942.30000,0.00000
942.40000,0.00000
942.50000,0.00000
942.60000,0.00000
942.70000,0.00000
942.80000,0.00000
942.90000,0.00000
943.00000,0.00000
943.10000,0.00000
943.20000,0.00000
943.30000,0.00000
943.40000,0.00000
943.50000,0.00000
943.60000,0.00000
943.70000,0.00000
943.80000,0.00000
943.90000,0.00000
944.00000,0.00000
944.10000,0.00000
944.20000,0.00000
944.30000,0.00000
944.40000,0.00000
944.50000,0.00000
944.60000,0.00000
944.70000,0.00000
944.80000,0.00000
944.90000,0.00000
945.00000,0.00000
945.10000,0.00000
945.20000,0.00000
945.30000,0.00000
945.40000,0.00000
945.50000,0.00000
945.60000,0.00000
945.70000,0.00000
945.80000,0.00000
945.90000,0.00000
946.00000,0.00000
946.10000,0.00000
946.20000,0.00000
946.30000,0.00000
946.40000,0.00000
946.50000,0.00000
946.60000,0.00000
946.70000,0.00000
946.80000,0.00000
946.90000,0.00000
947.00000,0.00000
947.10000,0.00000
947.20000,0.00000
947.30000,0.00000
947.40000,0.00000
947.50000,0.00000
947.60000,0.00000
947.70000,0.00000
947.80000,0.00000
947.90000,0.00000
948.00000,0.00000
948.10000,0.00000
948.20000,0.00000
948.30000,0.00000
948.40000,0.00000
948.50000,0.00000
948.60000,0.00000
948.70000,0.00000
948.80000,0.00000
948.90000,0.00000
949.00000,0.00000
949.10000,0.00000
949.20000,0.00000
949.30000,0.00000
949.40000,0.00000
949.50000,0.00000
949.60000,0.00000
949.70000,0.00000
949.80000,0.00000
949.90000,0.00000
950.00000,0.00000
950.10000,0.00000
950.20000,0.00000
950.30000,0.00000
950.40000,0.00000
950.50000,0.00000
950.60000,0.00000
950.70000,0.00000
950.80000,0.00000
950.90000,0.00000
951.00000,0.00000
951.10000,0.00000
951.20000,0.00000
951.30000,0.00000
951.40000,0.00000
951.50000,0.00000
951.60000,0.00000
951.70000,0.00000
951.80000,0.00000
951.90000,0.00000
952.00000,0.00000
952.10000,0.00000
952.20000,0.00000
952.30000,0.00000
952.40000,0.00000
952.50000,0.00000
952.60000,0.00000
952.70000,0.00000
952.80000,0.00000
952.90000,0.00000
953.00000,0.00000
953.10000,0.00000
953.20000,0.00000
953.30000,0.00000
953.40000,0.00000
953.50000,0.00000
953.60000,0.00000
953.70000,0.00000
953.80000,0.00000
953.90000,0.00000
954.00000,0.00000
954.10000,0.00000
954.20000,0.00000
954.30000,0.00000
954.40000,0.00000
954.50000,0.00000
954.60000,0.00000
954.70000,0.00000
954.80000,0.00000
954.90000,0.00000
955.00000,0.00000
955.10000,0.00000
955.20000,0.00000
955.30000,0.00000
955.40000,0.00000
955.50000,0.00000
955.60000,0.00000
955.70000,0.00000
955.80000,0.00000
955.90000,0.00000
956.00000,0.00000
956.10000,0.00000
956.20000,0.00000
956.30000,0.00000
956.40000,0.00000
956.50000,0.00000
956.60000,0.00000
956.70000,0.00000
956.80000,0.00000
956.90000,0.00000
957.00000,0.00000
957.10000,0.00000
957.20000,0.00000
957.30000,0.00000
957.40000,0.00000
957.50000,0.00000
957.60000,0.00000
957.70000,0.00000
957.80000,0.00000
957.90000,0.00000
958.00000,0.00000
958.10000,0.00000
958.20000,0.00000
958.30000,0.00000
958.40000,0.00000
958.50000,0.00000
958.60000,0.00000
958.70000,0.00000
958.80000,0.00000
958.90000,0.00000
959.00000,0.00000
959.10000,0.00000
959.20000,0.00000
959.30000,0.00000
959.40000,0.00000
959.50000,0.00000
959.60000,0.00000
959.70000,0.00000
959.80000,0.00000
959.90000,0.00000
960.00000,0.00000
960.10000,0.00000
960.20000,0.00000
960.30000,0.00000
960.40000,0.00000
960.50000,0.00000
960.60000,0.00000
960.70000,0.00000
960.80000,0.00000
960.90000,0.00000
961.00000,0.00000
961.10000,0.00000
961.20000,0.00000
961.30000,0.00000
961.40000,0.00000
961.50000,0.00000
961.60000,0.00000
961.70000,0.00000
961.80000,0.00000
961.90000,0.00000
962.00000,0.00000
962.10000,0.00000
962.20000,0.00000
962.30000,0.00000
962.40000,0.00000
962.50000,0.00000
962.60000,0.00000
962.70000,0.00000
962.80000,0.00000
962.90000,0.00000
963.00000,0.00000
963.10000,0.00000
963.20000,0.00000
963.30000,0.00000
963.40000,0.00000
963.50000,0.00000
963.60000,0.00000
963.70000,0.00000
963.80000,0.00000
963.90000,0.00000
964.00000,0.00000
964.10000,0.00000
964.20000,0.00000
964.30000,0.00000
964.40000,0.00000
964.50000,0.00000
964.60000,0.00000
964.70000,0.00000
964.80000,0.00000
964.90000,0.00000
965.00000,0.00000
965.10000,0.00000
965.20000,0.00000
965.30000,0.00000
965.40000,0.00000
965.50000,0.00000
965.60000,0.00000
965.70000,0.00000
965.80000,0.00000
965.90000,0.00000
966.00000,0.00000
966.10000,0.00000
966.20000,0.00000
966.30000,0.00000
966.40000,0.00000
966.50000,0.00000
966.60000,0.00000
966.70000,0.00000
966.80000,0.00000
966.90000,0.00000
967.00000,0.00000
967.10000,0.00000
967.20000,0.00000
967.30000,0.00000
967.40000,0.00000
967.50000,0.00000
967.60000,0.00000
967.70000,0.00000
967.80000,0.00000
967.90000,0.00000
968.00000,0.00000
968.10000,0.00000
968.20000,0.00000
968.30000,0.00000
968.40000,0.00000
968.50000,0.00000
968.60000,0.00000
968.70000,0.00000
968.80000,0.00000
968.90000,0.00000
969.00000,0.00000
969.10000,0.00000
969.20000,0.00000
969.30000,0.00000
969.40000,0.00000
969.50000,0.00000
969.60000,0.00000
969.70000,0.00000
969.80000,0.00000
969.90000,0.00000
970.00000,0.00000
970.10000,0.00000
970.20000,0.00000
970.30000,0.00000
970.40000,0.00000
970.50000,0.00000
970.60000,0.00000
970.70000,0.00000
970.80000,0.00000
970.90000,0.00000
971.00000,0.00000
971.10000,0.00000
971.20000,0.00000
971.30000,0.00000
971.40000,0.00000
971.50000,0.00000
971.60000,0.00000
971.70000,0.00000
971.80000,0.00000
971.90000,0.00000
972.00000,0.00000
972.10000,0.00000
972.20000,0.00000
972.30000,0.00000
972.40000,0.00000
972.50000,0.00000
972.60000,0.00000
972.70000,0.00000
972.80000,0.00000
972.90000,0.00000
973.00000,0.00000
973.10000,0.00000
973.20000,0.00000
973.30000,0.00000
973.40000,0.00000
973.50000,0.00000
973.60000,0.00000
973.70000,0.00000
973.80000,0.00000
973.90000,0.00000
974.00000,0.00000
974.10000,0.00000
974.20000,0.00000
974.30000,0.00000
974.40000,0.00000
974.50000,0.00000
974.60000,0.00000
974.70000,0.00000
974.80000,0.00000
974.90000,0.00000
975.00000,0.00000
975.10000,0.00000
975.20000,0.00000
975.30000,0.00000
975.40000,0.00000
975.50000,0.00000
975.60000,0.00000
975.70000,0.00000
975.80000,0.00000
975.90000,0.00000
976.00000,0.00000
976.10000,0.00000
976.20000,0.00000
976.30000,0.00000
976.40000,0.00000
976.50000,0.00000
976.60000,0.00000
976.70000,0.00000
976.80000,0.00000
976.90000,0.00000
977.00000,0.00000
977.10000,0.00000
977.20000,0.00000
977.30000,0.00000
977.40000,0.00000
977.50000,0.00000
977.60000,0.00000
977.70000,0.00000
977.80000,0.00000
977.90000,0.00000
978.00000,0.00000
978.10000,0.00000
978.20000,0.00000
978.30000,0.00000
978.40000,0.00000
978.50000,0.00000
978.60000,0.00000
978.70000,0.00000
978.80000,0.00000
978.90000,0.00000
979.00000,0.00000
979.10000,0.00000
979.20000,0.00000
979.30000,0.00000
979.40000,0.00000
979.50000,0.00000
979.60000,0.00000
979.70000,0.00000
979.80000,0.00000
979.90000,0.00000
980.00000,0.00000
980.10000,0.00000
980.20000,0.00000
980.30000,0.00000
980.40000,0.00000
980.50000,0.00000
980.60000,0.00000
980.70000,0.00000
980.80000,0.00000
980.90000,0.00000
981.00000,0.00000
981.10000,0.00000
981.20000,0.00000
981.30000,0.00000
981.40000,0.00000
981.50000,0.00000
981.60000,0.00000
981.70000,0.00000
981.80000,0.00000
981.90000,0.00000
982.00000,0.00000
982.10000,0.00000
982.20000,0.00000
982.30000,0.00000
982.40000,0.00000
982.50000,0.00000
982.60000,0.00000
982.70000,0.00000
982.80000,0.00000
982.90000,0.00000
983.00000,0.00000
983.10000,0.00000
983.20000,0.00000
983.30000,0.00000
983.40000,0.00000
983.50000,0.00000
983.60000,0.00000
983.70000,0.00000
983.80000,0.00000
983.90000,0.00000
984.00000,0.00000
984.10000,0.00000
984.20000,0.00000
984.30000,0.00000
984.40000,0.00000
984.50000,0.00000
984.60000,0.00000
984.70000,0.00000
984.80000,0.00000
984.90000,0.00000
985.00000,0.00000
985.10000,0.00000
985.20000,0.00000
985.30000,0.00000
985.40000,0.00000
985.50000,0.00000
985.60000,0.00000
985.70000,0.00000
985.80000,0.00000
985.90000,0.00000
986.00000,0.00000
986.10000,0.00000
986.20000,0.00000
986.30000,0.00000
986.40000,0.00000
986.50000,0.00000
986.60000,0.00000
986.70000,0.00000
986.80000,0.00000
986.90000,0.00000
987.00000,0.00000
987.10000,0.00000
987.20000,0.00000
987.30000,0.00000
987.40000,0.00000
987.50000,0.00000
987.60000,0.00000
987.70000,0.00000
987.80000,0.00000
987.90000,0.00000
988.00000,0.00000
988.10000,0.00000
988.20000,0.00000
988.30000,0.00000
988.40000,0.00000
988.50000,0.00000
988.60000,0.00000
988.70000,0.00000
988.80000,0.00000
988.90000,0.00000
989.00000,0.00000
989.10000,0.00000
989.20000,0.00000
989.30000,0.00000
989.40000,0.00000
989.50000,0.00000
989.60000,0.00000
989.70000,0.00000
989.80000,0.00000
989.90000,0.00000
990.00000,0.00000
990.10000,0.00000
990.20000,0.00000
990.30000,0.00000
990.40000,0.00000
990.50000,0.00000
990.60000,0.00000
990.70000,0.00000
990.80000,0.00000
990.90000,0.00000
991.00000,0.00000
991.10000,0.00000
991.20000,0.00000
991.30000,0.00000
991.40000,0.00000
991.50000,0.00000
991.60000,0.00000
991.70000,0.00000
991.80000,0.00000
991.90000,0.00000
992.00000,0.00000
992.10000,0.00000
992.20000,0.00000
992.30000,0.00000
992.40000,0.00000
992.50000,0.00000
992.60000,0.00000
992.70000,0.00000
992.80000,0.00000
992.90000,0.00000
993.00000,0.00000
993.10000,0.00000
993.20000,0.00000
993.30000,0.00000
993.40000,0.00000
993.50000,0.00000
993.60000,0.00000
993.70000,0.00000
993.80000,0.00000
993.90000,0.00000
994.00000,0.00000
994.10000,0.00000
994.20000,0.00000
994.30000,0.00000
994.40000,0.00000
994.50000,0.00000
994.60000,0.00000
994.70000,0.00000
994.80000,0.00000
994.90000,0.00000
995.00000,0.00000
995.10000,0.00000
995.20000,0.00000
995.30000,0.00000
995.40000,0.00000
995.50000,0.00000
995.60000,0.00000
995.70000,0.00000
995.80000,0.00000
995.90000,0.00000
996.00000,0.00000
996.10000,0.00000
996.20000,0.00000
996.30000,0.00000
996.40000,0.00000
996.50000,0.00000
996.60000,0.00000
996.70000,0.00000
996.80000,0.00000
996.90000,0.00000
997.00000,0.00000
997.10000,0.00000
997.20000,0.00000
997.30000,0.00000
997.40000,0.00000
997.50000,0.00000
997.60000,0.00000
997.70000,0.00000
997.80000,0.00000
997.90000,0.00000
998.00000,0.00000
998.10000,0.00000
998.20000,0.00000
998.30000,0.00000
998.40000,0.00000
998.50000,0.00000
998.60000,0.00000
998.70000,0.00000
998.80000,0.00000
998.90000,0.00000
999.00000,0.00000
999.10000,0.00000
999.20000,0.00000
999.30000,0.00000
999.40000,0.00000
999.50000,0.00000
999.60000,0.00000
999.70000,0.00000
999.80000,0.00000
999.90000,0.00000
1000.00000,0.00000
