lam,trans
300.00000,0.00000
300.10000,0.00000
300.20000,0.00000
300.30000,0.00000
300.40000,0.00000
300.50000,0.00000
300.60000,0.00000
300.70000,0.00000
300.80000,0.00000
300.90000,0.00000
301.00000,0.00000
301.10000,0.00000
301.20000,0.00000
301.30000,0.00000
301.40000,0.00000
301.50000,0.00000
301.60000,0.00000
301.70000,0.00000
301.80000,0.00000
301.90000,0.00000
302.00000,0.00000
302.10000,0.00000
302.20000,0.00000
302.30000,0.00000
302.40000,0.00000
302.50000,0.00000
302.60000,0.00000
302.70000,0.00000
302.80000,0.00000
302.90000,0.00000
303.00000,0.00000
303.10000,0.00000
303.20000,0.00000
303.30000,0.00000
303.40000,0.00000
303.50000,0.00000
303.60000,0.00000
303.70000,0.00000
303.80000,0.00000
303.90000,0.00000
304.00000,0.00000
304.10000,0.00000
304.20000,0.00000
304.30000,0.00000
304.40000,0.00000
304.50000,0.00000
304.60000,0.00000
304.70000,0.00000
304.80000,0.00000
304.90000,0.00000
305.00000,0.00000
305.10000,0.00000
305.20000,0.00000
305.30000,0.00000
305.40000,0.00000
305.50000,0.00000
305.60000,0.00000
305.70000,0.00000
305.80000,0.00000
305.90000,0.00000
306.00000,0.00000
306.10000,0.00000
306.20000,0.00000
306.30000,0.00000
306.40000,0.00000
306.50000,0.00000
306.60000,0.00000
306.70000,0.00000
306.80000,0.00000
306.90000,0.00000
307.00000,0.00000
307.10000,0.00000
307.20000,0.00000
307.30000,0.00000
307.40000,0.00000
307.50000,0.00000
307.60000,0.00000
307.70000,0.00000
307.80000,0.00000
307.90000,0.00000
308.00000,0.00000
308.10000,0.00000
308.20000,0.00000
308.30000,0.00000
308.40000,0.00000
308.50000,0.00000
308.60000,0.00000
308.70000,0.00000
308.80000,0.00000
308.90000,0.00000
309.00000,0.00000
309.10000,0.00000
309.20000,0.00000
309.30000,0.00000
309.40000,0.00000
309.50000,0.00000
309.60000,0.00000
309.70000,0.00000
309.80000,0.00000
309.90000,0.00000
310.00000,0.00000
310.10000,0.00000
310.20000,0.00000
310.30000,0.00000
310.40000,0.00000
310.50000,0.00000
310.60000,0.00000
310.70000,0.00000
310.80000,0.00000
310.90000,0.00000
311.00000,0.00000
311.10000,0.00000
311.20000,0.00000
311.30000,0.00000
311.40000,0.00000
311.50000,0.00000
311.60000,0.00000
311.70000,0.00000
311.80000,0.00000
311.90000,0.00000
312.00000,0.00000
312.10000,0.00000
312.20000,0.00000
312.30000,0.00000
312.40000,0.00000
312.50000,0.00000
312.60000,0.00000
312.70000,0.00000
312.80000,0.00000
312.90000,0.00000
313.00000,0.00000
313.10000,0.00000
313.20000,0.00000
313.30000,0.00000
313.40000,0.00000
313.50000,0.00000
313.60000,0.00000
313.70000,0.00000
313.80000,0.00000
313.90000,0.00000
314.00000,0.00000
314.10000,0.00000
314.20000,0.00000
314.30000,0.00000
314.40000,0.00000
314.50000,0.00000
314.60000,0.00000
314.70000,0.00000
314.80000,0.00000
314.90000,0.00000
315.00000,0.00000
315.10000,0.00000
315.20000,0.00000
315.30000,0.00000
315.40000,0.00000
315.50000,0.00000
315.60000,0.00000
315.70000,0.00000
315.80000,0.00000
315.90000,0.00000
316.00000,0.00000
316.10000,0.00000
316.20000,0.00000
316.30000,0.00000
316.40000,0.00000
316.50000,0.00000
316.60000,0.00000
316.70000,0.00000
316.80000,0.00000
316.90000,0.00000
317.00000,0.00000
317.10000,0.00000
317.20000,0.00000
317.30000,0.00000
317.40000,0.00000
317.50000,0.00000
317.60000,0.00000
317.70000,0.00000
317.80000,0.00000
317.90000,0.00000
318.00000,0.00000
318.10000,0.00000
318.20000,0.00000
318.30000,0.00000
318.40000,0.00000
318.50000,0.00000
318.60000,0.00000
318.70000,0.00000
318.80000,0.00000
318.90000,0.00000
319.00000,0.00000
319.10000,0.00000
319.20000,0.00000
319.30000,0.00000
319.40000,0.00000
319.50000,0.00000
319.60000,0.00000
319.70000,0.00000
319.80000,0.00000
319.90000,0.00000
320.00000,0.00000
320.10000,0.00000
320.20000,0.00000
320.30000,0.00000
320.40000,0.00000
320.50000,0.00000
320.60000,0.00000
320.70000,0.00000
320.80000,0.00000
320.90000,0.00000
321.00000,0.00000
321.10000,0.00000
321.20000,0.00000
321.30000,0.00000
321.40000,0.00000
321.50000,0.00000
321.60000,0.00000
321.70000,0.00000
321.80000,0.00000
321.90000,0.00000
322.00000,0.00000
322.10000,0.00000
322.20000,0.00000
322.30000,0.00000
322.40000,0.00000
322.50000,0.00000
322.60000,0.00000
322.70000,0.00000
322.80000,0.00000
322.90000,0.00000
323.00000,0.00000
323.10000,0.00000
323.20000,0.00000
323.30000,0.00000
323.40000,0.00000
323.50000,0.00000
323.60000,0.00000
323.70000,0.00000
323.80000,0.00000
323.90000,0.00000
324.00000,0.00000
324.10000,0.00000
324.20000,0.00000
324.30000,0.00000
324.40000,0.00000
324.50000,0.00000
324.60000,0.00000
324.70000,0.00000
324.80000,0.00000
324.90000,0.00000
325.00000,0.00000
325.10000,0.00000
325.20000,0.00000
325.30000,0.00000
325.40000,0.00000
325.50000,0.00000
325.60000,0.00000
325.70000,0.00000
325.80000,0.00000
325.90000,0.00000
326.00000,0.00000
326.10000,0.00000
326.20000,0.00000
326.30000,0.00000
326.40000,0.00000
326.50000,0.00000
326.60000,0.00000
326.70000,0.00000
326.80000,0.00000
326.90000,0.00000
327.00000,0.00000
327.10000,0.00000
327.20000,0.00000
327.30000,0.00000
327.40000,0.00000
327.50000,0.00000
327.60000,0.00000
327.70000,0.00000
327.80000,0.00000
327.90000,0.00000
328.00000,0.00000
328.10000,0.00000
328.20000,0.00000
328.30000,0.00000
328.40000,0.00000
328.50000,0.00000
328.60000,0.00000
328.70000,0.00000
328.80000,0.00000
328.90000,0.00000
329.00000,0.00000
329.10000,0.00000
329.20000,0.00000
329.30000,0.00000
329.40000,0.00000
329.50000,0.00000
329.60000,0.00000
329.70000,0.00000
329.80000,0.00000
329.90000,0.00000
330.00000,0.00000
330.10000,0.00000
330.20000,0.00000
330.30000,0.00000
330.40000,0.00000
330.50000,0.00000
330.60000,0.00000
330.70000,0.00000
330.80000,0.00000
330.90000,0.00000
331.00000,0.00000
331.10000,0.00000
331.20000,0.00000
331.30000,0.00000
331.40000,0.00000
331.50000,0.00000
331.60000,0.00000
331.70000,0.00000
331.80000,0.00000
331.90000,0.00000
332.00000,0.00000
332.10000,0.00000
332.20000,0.00000
332.30000,0.00000
332.40000,0.00000
332.50000,0.00000
332.60000,0.00000
332.70000,0.00000
332.80000,0.00000
332.90000,0.00000
333.00000,0.00000
333.10000,0.00000
333.20000,0.00000
333.30000,0.00000
333.40000,0.00000
333.50000,0.00000
333.60000,0.00000
333.70000,0.00000
333.80000,0.00000
333.90000,0.00000
334.00000,0.00000
334.10000,0.00000
334.20000,0.00000
334.30000,0.00000
334.40000,0.00000
334.50000,0.00000
334.60000,0.00000
334.70000,0.00000
334.80000,0.00000
334.90000,0.00000
335.00000,0.00000
335.10000,0.00000
335.20000,0.00000
335.30000,0.00000
335.40000,0.00000
335.50000,0.00000
335.60000,0.00000
335.70000,0.00000
335.80000,0.00000
335.90000,0.00000
336.00000,0.00000
336.10000,0.00000
336.20000,0.00000
336.30000,0.00000
336.40000,0.00000
336.50000,0.00000
336.60000,0.00000
336.70000,0.00000
336.80000,0.00000
336.90000,0.00000
337.00000,0.00000
337.10000,0.00000
337.20000,0.00000
337.30000,0.00000
337.40000,0.00000
337.50000,0.00000
337.60000,0.00000
337.70000,0.00000
337.80000,0.00000
337.90000,0.00000
338.00000,0.00000
338.10000,0.00000
338.20000,0.00000
338.30000,0.00000
338.40000,0.00000
338.50000,0.00000
338.60000,0.00000
338.70000,0.00000
338.80000,0.00000
338.90000,0.00000
339.00000,0.00000
339.10000,0.00000
339.20000,0.00000
339.30000,0.00000
339.40000,0.00000
339.50000,0.00000
339.60000,0.00000
339.70000,0.00000
339.80000,0.00000
339.90000,0.00000
340.00000,0.00000
340.10000,0.00000
340.20000,0.00000
340.30000,0.00000
340.40000,0.00000
340.50000,0.00000
340.60000,0.00000
340.70000,0.00000
340.80000,0.00000
340.90000,0.00000
341.00000,0.00000
341.10000,0.00000
341.20000,0.00000
341.30000,0.00000
341.40000,0.00000
341.50000,0.00000
341.60000,0.00000
341.70000,0.00000
341.80000,0.00000
341.90000,0.00000
342.00000,0.00000
342.10000,0.00000
342.20000,0.00000
342.30000,0.00000
342.40000,0.00000
342.50000,0.00000
342.60000,0.00000
342.70000,0.00000
342.80000,0.00000
342.90000,0.00000
343.00000,0.00000
343.10000,0.00000
343.20000,0.00000
343.30000,0.00000
343.40000,0.00000
343.50000,0.00000
343.60000,0.00000
343.70000,0.00000
343.80000,0.00000
343.90000,0.00000
344.00000,0.00000
344.10000,0.00000
344.20000,0.00000
344.30000,0.00000
344.40000,0.00000
344.50000,0.00000
344.60000,0.00000
344.70000,0.00000
344.80000,0.00000
344.90000,0.00000
345.00000,0.00000
345.10000,0.00000
345.20000,0.00000
345.30000,0.00000
345.40000,0.00000
345.50000,0.00000
345.60000,0.00000
345.70000,0.00000
345.80000,0.00000
345.90000,0.00000
346.00000,0.00000
346.10000,0.00000
346.20000,0.00000
346.30000,0.00000
346.40000,0.00000
346.50000,0.00000
346.60000,0.00000
346.70000,0.00000
346.80000,0.00000
346.90000,0.00000
347.00000,0.00000
347.10000,0.00000
347.20000,0.00000
347.30000,0.00000
347.40000,0.00000
347.50000,0.00000
347.60000,0.00000
347.70000,0.00000
347.80000,0.00000
347.90000,0.00000
348.00000,0.00000
348.10000,0.00000
348.20000,0.00000
348.30000,0.00000
348.40000,0.00000
348.50000,0.00000
348.60000,0.00000
348.70000,0.00000
348.80000,0.00000
348.90000,0.00000
349.00000,0.00000
349.10000,0.00000
349.20000,0.00000
349.30000,0.00000
349.40000,0.00000
349.50000,0.00000
349.60000,0.00000
349.70000,0.00000
349.80000,0.00000
349.90000,0.00000
350.00000,0.00000
350.10000,0.00000
350.20000,0.00000
350.30000,0.00000
350.40000,0.00000
350.50000,0.00000
350.60000,0.00000
350.70000,0.00000
350.80000,0.00000
350.90000,0.00000
351.00000,0.00000
351.10000,0.00000
351.20000,0.00000
351.30000,0.00000
351.40000,0.00000
351.50000,0.00000
351.60000,0.00000
351.70000,0.00000
351.80000,0.00000
351.90000,0.00000
352.00000,0.00000
352.10000,0.00000
352.20000,0.00000
352.30000,0.00000
352.40000,0.00000
352.50000,0.00000
352.60000,0.00000
352.70000,0.00000
352.80000,0.00000
352.90000,0.00000
353.00000,0.00000
353.10000,0.00000
353.20000,0.00000
353.30000,0.00000
353.40000,0.00000
353.50000,0.00000
353.60000,0.00000
353.70000,0.00000
353.80000,0.00000
353.90000,0.00000
354.00000,0.00000
354.10000,0.00000
354.20000,0.00000
354.30000,0.00000
354.40000,0.00000
354.50000,0.00000
354.60000,0.00000
354.70000,0.00000
354.80000,0.00000
354.90000,0.00000
355.00000,0.00000
355.10000,0.00000
355.20000,0.00000
355.30000,0.00000
355.40000,0.00000
355.50000,0.00000
355.60000,0.00000
355.70000,0.00000
355.80000,0.00000
355.90000,0.00000
356.00000,0.00000
356.10000,0.00000
356.20000,0.00000
356.30000,0.00000
356.40000,0.00000
356.50000,0.00000
356.60000,0.00000
356.70000,0.00000
356.80000,0.00000
356.90000,0.00000
357.00000,0.00000
357.10000,0.00000
357.20000,0.00000
357.30000,0.00000
357.40000,0.00000
357.50000,0.00000
357.60000,0.00000
357.70000,0.00000
357.80000,0.00000
357.90000,0.00000
358.00000,0.00000
358.10000,0.00000
358.20000,0.00000
358.30000,0.00000
358.40000,0.00000
358.50000,0.00000
358.60000,0.00000
358.70000,0.00000
358.80000,0.00000
358.90000,0.00000
359.00000,0.00000
359.10000,0.00000
359.20000,0.00000
359.30000,0.00000
359.40000,0.00000
359.50000,0.00000
359.60000,0.00000
359.70000,0.00000
359.80000,0.00000
359.90000,0.00000
360.00000,0.00000
360.10000,0.00000
360.20000,0.00000
360.30000,0.00000
360.40000,0.00000
360.50000,0.00000
360.60000,0.00000
360.70000,0.00000
360.80000,0.00000
360.90000,0.00000
361.00000,0.00000
361.10000,0.00000
361.20000,0.00000
361.30000,0.00000
361.40000,0.00000
361.50000,0.00000
361.60000,0.00000
361.70000,0.00000
361.80000,0.00000
361.90000,0.00000
362.00000,0.00000
362.10000,0.00000
362.20000,0.00000
362.30000,0.00000
362.40000,0.00000
362.50000,0.00000
362.60000,0.00000
362.70000,0.00000
362.80000,0.00000
362.90000,0.00000
363.00000,0.00000
363.10000,0.00000
363.20000,0.00000
363.30000,0.00000
363.40000,0.00000
363.50000,0.00000
363.60000,0.00000
363.70000,0.00000
363.80000,0.00000
363.90000,0.00000
364.00000,0.00000
364.10000,0.00000
364.20000,0.00000
364.30000,0.00000
364.40000,0.00000
364.50000,0.00000
364.60000,0.00000
364.70000,0.00000
364.80000,0.00000
364.90000,0.00000
365.00000,0.00000
365.10000,0.00000
365.20000,0.00000
365.30000,0.00000
365.40000,0.00000
365.50000,0.00000
365.60000,0.00000
365.70000,0.00000
365.80000,0.00000
365.90000,0.00000
366.00000,0.00001
366.10000,0.00000
366.20000,0.00000
366.30000,0.00000
366.40000,0.00000
366.50000,0.00000
366.60000,0.00000
366.70000,0.00000
366.80000,0.00000
366.90000,0.00000
367.00000,0.00000
367.10000,0.00000
367.20000,0.00000
367.30000,0.00000
367.40000,0.00000
367.50000,0.00000
367.60000,0.00000
367.70000,0.00000
367.80000,0.00000
367.90000,0.00000
368.00000,0.00000
368.10000,0.00000
368.20000,0.00000
368.30000,0.00000
368.40000,0.00000
368.50000,0.00000
368.60000,0.00000
368.70000,0.00000
368.80000,0.00000
368.90000,0.00000
369.00000,0.00000
369.10000,0.00000
369.20000,0.00000
369.30000,0.00000
369.40000,0.00000
369.50000,0.00000
369.60000,0.00000
369.70000,0.00000
369.80000,0.00000
369.90000,0.00000
370.00000,0.00000
370.10000,0.00000
370.20000,0.00000
370.30000,0.00000
370.40000,0.00000
370.50000,0.00000
370.60000,0.00000
370.70000,0.00000
370.80000,0.00000
370.90000,0.00000
371.00000,0.00000
371.10000,0.00000
371.20000,0.00000
371.30000,0.00000
371.40000,0.00000
371.50000,0.00000
371.60000,0.00000
371.70000,0.00000
371.80000,0.00000
371.90000,0.00000
372.00000,0.00000
372.10000,0.00000
372.20000,0.00000
372.30000,0.00001
372.40000,0.00001
372.50000,0.00001
372.60000,0.00001
372.70000,0.00001
372.80000,0.00001
372.90000,0.00001
373.00000,0.00000
373.10000,0.00000
373.20000,0.00000
373.30000,0.00000
373.40000,0.00000
373.50000,0.00000
373.60000,0.00000
373.70000,0.00000
373.80000,0.00000
373.90000,0.00000
374.00000,0.00000
374.10000,0.00000
374.20000,0.00000
374.30000,0.00000
374.40000,0.00000
374.50000,0.00000
374.60000,0.00000
374.70000,0.00000
374.80000,0.00000
374.90000,0.00000
375.00000,0.00000
375.10000,0.00000
375.20000,0.00000
375.30000,0.00000
375.40000,0.00000
375.50000,0.00000
375.60000,0.00000
375.70000,0.00000
375.80000,0.00000
375.90000,0.00000
376.00000,0.00000
376.10000,0.00000
376.20000,0.00000
376.30000,0.00000
376.40000,0.00000
376.50000,0.00000
376.60000,0.00000
376.70000,0.00000
376.80000,0.00000
376.90000,0.00000
377.00000,0.00000
377.10000,0.00000
377.20000,0.00000
377.30000,0.00000
377.40000,0.00000
377.50000,0.00012
377.60000,0.00024
377.70000,0.00012
377.80000,0.00000
377.90000,0.00000
378.00000,0.00000
378.10000,0.00000
378.20000,0.00000
378.30000,0.00000
378.40000,0.00000
378.50000,0.00000
378.60000,0.00000
378.70000,0.00000
378.80000,0.00000
378.90000,0.00000
379.00000,0.00000
379.10000,0.00000
379.20000,0.00000
379.30000,0.00000
379.40000,0.00000
379.50000,0.00000
379.60000,0.00000
379.70000,0.00004
379.80000,0.00008
379.90000,0.00006
380.00000,0.00003
380.10000,0.00002
380.20000,0.00001
380.30000,0.00001
380.40000,0.00001
380.50000,0.00000
380.60000,0.00000
380.70000,0.00000
380.80000,0.00001
380.90000,0.00001
381.00000,0.00001
381.10000,0.00002
381.20000,0.00002
381.30000,0.00002
381.40000,0.00001
381.50000,0.00001
381.60000,0.00001
381.70000,0.00001
381.80000,0.00002
381.90000,0.00001
382.00000,0.00001
382.10000,0.00001
382.20000,0.00000
382.30000,0.00000
382.40000,0.00000
382.50000,0.00000
382.60000,0.00000
382.70000,0.00000
382.80000,0.00000
382.90000,0.00000
383.00000,0.00000
383.10000,0.00000
383.20000,0.00000
383.30000,0.00000
383.40000,0.00000
383.50000,0.00000
383.60000,0.00000
383.70000,0.00000
383.80000,0.00000
383.90000,0.00000
384.00000,0.00000
384.10000,0.00000
384.20000,0.00000
384.30000,0.00000
384.40000,0.00000
384.50000,0.00000
384.60000,0.00000
384.70000,0.00000
384.80000,0.00000
384.90000,0.00000
385.00000,0.00000
385.10000,0.00000
385.20000,0.00000
385.30000,0.00000
385.40000,0.00000
385.50000,0.00000
385.60000,0.00000
385.70000,0.00000
385.80000,0.00000
385.90000,0.00000
386.00000,0.00000
386.10000,0.00000
386.20000,0.00000
386.30000,0.00000
386.40000,0.00000
386.50000,0.00000
386.60000,0.00000
386.70000,0.00000
386.80000,0.00000
386.90000,0.00000
387.00000,0.00000
387.10000,0.00000
387.20000,0.00000
387.30000,0.00000
387.40000,0.00000
387.50000,0.00000
387.60000,0.00000
387.70000,0.00000
387.80000,0.00000
387.90000,0.00000
388.00000,0.00000
388.10000,0.00000
388.20000,0.00000
388.30000,0.00000
388.40000,0.00000
388.50000,0.00000
388.60000,0.00000
388.70000,0.00000
388.80000,0.00000
388.90000,0.00000
389.00000,0.00000
389.10000,0.00000
389.20000,0.00000
389.30000,0.00000
389.40000,0.00000
389.50000,0.00000
389.60000,0.00000
389.70000,0.00000
389.80000,0.00000
389.90000,0.00000
390.00000,0.00000
390.10000,0.00000
390.20000,0.00000
390.30000,0.00000
390.40000,0.00000
390.50000,0.00000
390.60000,0.00000
390.70000,0.00000
390.80000,0.00000
390.90000,0.00000
391.00000,0.00000
391.10000,0.00000
391.20000,0.00000
391.30000,0.00000
391.40000,0.00000
391.50000,0.00000
391.60000,0.00000
391.70000,0.00000
391.80000,0.00000
391.90000,0.00000
392.00000,0.00000
392.10000,0.00000
392.20000,0.00000
392.30000,0.00000
392.40000,0.00000
392.50000,0.00000
392.60000,0.00000
392.70000,0.00000
392.80000,0.00000
392.90000,0.00000
393.00000,0.00000
393.10000,0.00000
393.20000,0.00000
393.30000,0.00000
393.40000,0.00000
393.50000,0.00000
393.60000,0.00000
393.70000,0.00000
393.80000,0.00000
393.90000,0.00001
394.00000,0.00001
394.10000,0.00002
394.20000,0.00003
394.30000,0.00001
394.40000,0.00000
394.50000,0.00000
394.60000,0.00000
394.70000,0.00000
394.80000,0.00000
394.90000,0.00000
395.00000,0.00000
395.10000,0.00000
395.20000,0.00000
395.30000,0.00000
395.40000,0.00000
395.50000,0.00000
395.60000,0.00000
395.70000,0.00000
395.80000,0.00000
395.90000,0.00000
396.00000,0.00000
396.10000,0.00000
396.20000,0.00000
396.30000,0.00000
396.40000,0.00000
396.50000,0.00000
396.60000,0.00000
396.70000,0.00000
396.80000,0.00000
396.90000,0.00000
397.00000,0.00000
397.10000,0.00000
397.20000,0.00000
397.30000,0.00000
397.40000,0.00000
397.50000,0.00000
397.60000,0.00000
397.70000,0.00000
397.80000,0.00000
397.90000,0.00000
398.00000,0.00000
398.10000,0.00000
398.20000,0.00000
398.30000,0.00000
398.40000,0.00000
398.50000,0.00000
398.60000,0.00000
398.70000,0.00000
398.80000,0.00000
398.90000,0.00000
399.00000,0.00000
399.10000,0.00000
399.20000,0.00000
399.30000,0.00000
399.40000,0.00000
399.50000,0.00000
399.60000,0.00000
399.70000,0.00000
399.80000,0.00000
399.90000,0.00000
400.00000,0.00000
400.10000,0.00000
400.20000,0.00000
400.30000,0.00000
400.40000,0.00000
400.50000,0.00000
400.60000,0.00000
400.70000,0.00000
400.80000,0.00000
400.90000,0.00000
401.00000,0.00000
401.10000,0.00000
401.20000,0.00000
401.30000,0.00000
401.40000,0.00000
401.50000,0.00000
401.60000,0.00000
401.70000,0.00000
401.80000,0.00000
401.90000,0.00000
402.00000,0.00000
402.10000,0.00000
402.20000,0.00000
402.30000,0.00000
402.40000,0.00000
402.50000,0.00000
402.60000,0.00000
402.70000,0.00000
402.80000,0.00000
402.90000,0.00000
403.00000,0.00000
403.10000,0.00000
403.20000,0.00000
403.30000,0.00000
403.40000,0.00000
403.50000,0.00000
403.60000,0.00000
403.70000,0.00000
403.80000,0.00000
403.90000,0.00000
404.00000,0.00000
404.10000,0.00000
404.20000,0.00000
404.30000,0.00000
404.40000,0.00000
404.50000,0.00000
404.60000,0.00000
404.70000,0.00000
404.80000,0.00000
404.90000,0.00000
405.00000,0.00000
405.10000,0.00000
405.20000,0.00000
405.30000,0.00000
405.40000,0.00000
405.50000,0.00000
405.60000,0.00000
405.70000,0.00000
405.80000,0.00000
405.90000,0.00000
406.00000,0.00000
406.10000,0.00000
406.20000,0.00000
406.30000,0.00000
406.40000,0.00000
406.50000,0.00000
406.60000,0.00000
406.70000,0.00000
406.80000,0.00000
406.90000,0.00000
407.00000,0.00000
407.10000,0.00000
407.20000,0.00000
407.30000,0.00000
407.40000,0.00000
407.50000,0.00000
407.60000,0.00000
407.70000,0.00000
407.80000,0.00000
407.90000,0.00000
408.00000,0.00000
408.10000,0.00000
408.20000,0.00000
408.30000,0.00000
408.40000,0.00000
408.50000,0.00000
408.60000,0.00000
408.70000,0.00000
408.80000,0.00000
408.90000,0.00000
409.00000,0.00000
409.10000,0.00000
409.20000,0.00000
409.30000,0.00000
409.40000,0.00000
409.50000,0.00000
409.60000,0.00000
409.70000,0.00000
409.80000,0.00000
409.90000,0.00000
410.00000,0.00000
410.10000,0.00000
410.20000,0.00000
410.30000,0.00000
410.40000,0.00000
410.50000,0.00000
410.60000,0.00000
410.70000,0.00003
410.80000,0.00007
410.90000,0.00003
411.00000,0.00000
411.10000,0.00000
411.20000,0.00000
411.30000,0.00000
411.40000,0.00000
411.50000,0.00000
411.60000,0.00000
411.70000,0.00000
411.80000,0.00000
411.90000,0.00000
412.00000,0.00000
412.10000,0.00000
412.20000,0.00000
412.30000,0.00000
412.40000,0.00000
412.50000,0.00000
412.60000,0.00000
412.70000,0.00000
412.80000,0.00000
412.90000,0.00000
413.00000,0.00000
413.10000,0.00000
413.20000,0.00000
413.30000,0.00000
413.40000,0.00000
413.50000,0.00000
413.60000,0.00000
413.70000,0.00000
413.80000,0.00000
413.90000,0.00000
414.00000,0.00000
414.10000,0.00003
414.20000,0.00006
414.30000,0.00003
414.40000,0.00000
414.50000,0.00000
414.60000,0.00000
414.70000,0.00000
414.80000,0.00000
414.90000,0.00000
415.00000,0.00000
415.10000,0.00000
415.20000,0.00000
415.30000,0.00000
415.40000,0.00000
415.50000,0.00000
415.60000,0.00000
415.70000,0.00000
415.80000,0.00000
415.90000,0.00000
416.00000,0.00000
416.10000,0.00000
416.20000,0.00000
416.30000,0.00000
416.40000,0.00000
416.50000,0.00000
416.60000,0.00000
416.70000,0.00000
416.80000,0.00000
416.90000,0.00000
417.00000,0.00000
417.10000,0.00000
417.20000,0.00000
417.30000,0.00000
417.40000,0.00000
417.50000,0.00000
417.60000,0.00000
417.70000,0.00000
417.80000,0.00000
417.90000,0.00000
418.00000,0.00000
418.10000,0.00000
418.20000,0.00000
418.30000,0.00000
418.40000,0.00000
418.50000,0.00000
418.60000,0.00000
418.70000,0.00000
418.80000,0.00000
418.90000,0.00000
419.00000,0.00000
419.10000,0.00000
419.20000,0.00000
419.30000,0.00000
419.40000,0.00000
419.50000,0.00000
419.60000,0.00000
419.70000,0.00000
419.80000,0.00000
419.90000,0.00000
420.00000,0.00000
420.10000,0.00000
420.20000,0.00000
420.30000,0.00000
420.40000,0.00000
420.50000,0.00000
420.60000,0.00000
420.70000,0.00000
420.80000,0.00000
420.90000,0.00000
421.00000,0.00000
421.10000,0.00000
421.20000,0.00000
421.30000,0.00000
421.40000,0.00000
421.50000,0.00000
421.60000,0.00000
421.70000,0.00000
421.80000,0.00000
421.90000,0.00000
422.00000,0.00000
422.10000,0.00000
422.20000,0.00000
422.30000,0.00000
422.40000,0.00000
422.50000,0.00000
422.60000,0.00000
422.70000,0.00000
422.80000,0.00000
422.90000,0.00000
423.00000,0.00000
423.10000,0.00000
423.20000,0.00000
423.30000,0.00000
423.40000,0.00000
423.50000,0.00000
423.60000,0.00000
423.70000,0.00000
423.80000,0.00000
423.90000,0.00000
424.00000,0.00000
424.10000,0.00000
424.20000,0.00000
424.30000,0.00000
424.40000,0.00000
424.50000,0.00000
424.60000,0.00000
424.70000,0.00000
424.80000,0.00000
424.90000,0.00000
425.00000,0.00000
425.10000,0.00000
425.20000,0.00000
425.30000,0.00000
425.40000,0.00000
425.50000,0.00000
425.60000,0.00000
425.70000,0.00000
425.80000,0.00000
425.90000,0.00000
426.00000,0.00000
426.10000,0.00000
426.20000,0.00000
426.30000,0.00000
426.40000,0.00000
426.50000,0.00000
426.60000,0.00000
426.70000,0.00002
426.80000,0.00004
426.90000,0.00002
427.00000,0.00000
427.10000,0.00000
427.20000,0.00000
427.30000,0.00000
427.40000,0.00000
427.50000,0.00000
427.60000,0.00000
427.70000,0.00000
427.80000,0.00000
427.90000,0.00000
428.00000,0.00000
428.10000,0.00000
428.20000,0.00000
428.30000,0.00000
428.40000,0.00000
428.50000,0.00000
428.60000,0.00000
428.70000,0.00000
428.80000,0.00000
428.90000,0.00000
429.00000,0.00000
429.10000,0.00000
429.20000,0.00001
429.30000,0.00000
429.40000,0.00000
429.50000,0.00000
429.60000,0.00000
429.70000,0.00000
429.80000,0.00000
429.90000,0.00000
430.00000,0.00000
430.10000,0.00000
430.20000,0.00000
430.30000,0.00000
430.40000,0.00000
430.50000,0.00000
430.60000,0.00000
430.70000,0.00000
430.80000,0.00000
430.90000,0.00000
431.00000,0.00000
431.10000,0.00000
431.20000,0.00000
431.30000,0.00002
431.40000,0.00004
431.50000,0.00003
431.60000,0.00001
431.70000,0.00001
431.80000,0.00000
431.90000,0.00000
432.00000,0.00000
432.10000,0.00000
432.20000,0.00000
432.30000,0.00000
432.40000,0.00000
432.50000,0.00001
432.60000,0.00001
432.70000,0.00001
432.80000,0.00002
432.90000,0.00002
433.00000,0.00002
433.10000,0.00001
433.20000,0.00001
433.30000,0.00001
433.40000,0.00000
433.50000,0.00000
433.60000,0.00000
433.70000,0.00000
433.80000,0.00000
433.90000,0.00000
434.00000,0.00000
434.10000,0.00000
434.20000,0.00000
434.30000,0.00000
434.40000,0.00000
434.50000,0.00000
434.60000,0.00000
434.70000,0.00000
434.80000,0.00000
434.90000,0.00000
435.00000,0.00000
435.10000,0.00000
435.20000,0.00000
435.30000,0.00000
435.40000,0.00000
435.50000,0.00001
435.60000,0.00001
435.70000,0.00002
435.80000,0.00003
435.90000,0.00003
436.00000,0.00003
436.10000,0.00002
436.20000,0.00001
436.30000,0.00001
436.40000,0.00000
436.50000,0.00000
436.60000,0.00000
436.70000,0.00000
436.80000,0.00000
436.90000,0.00000
437.00000,0.00000
437.10000,0.00000
437.20000,0.00000
437.30000,0.00000
437.40000,0.00000
437.50000,0.00000
437.60000,0.00000
437.70000,0.00000
437.80000,0.00000
437.90000,0.00000
438.00000,0.00000
438.10000,0.00000
438.20000,0.00000
438.30000,0.00000
438.40000,0.00000
438.50000,0.00000
438.60000,0.00000
438.70000,0.00000
438.80000,0.00000
438.90000,0.00000
439.00000,0.00000
439.10000,0.00000
439.20000,0.00000
439.30000,0.00000
439.40000,0.00000
439.50000,0.00000
439.60000,0.00000
439.70000,0.00000
439.80000,0.00001
439.90000,0.00001
440.00000,0.00001
440.10000,0.00001
440.20000,0.00001
440.30000,0.00001
440.40000,0.00001
440.50000,0.00001
440.60000,0.00001
440.70000,0.00001
440.80000,0.00001
440.90000,0.00001
441.00000,0.00002
441.10000,0.00002
441.20000,0.00002
441.30000,0.00001
441.40000,0.00000
441.50000,0.00000
441.60000,0.00000
441.70000,0.00000
441.80000,0.00000
441.90000,0.00000
442.00000,0.00000
442.10000,0.00000
442.20000,0.00000
442.30000,0.00000
442.40000,0.00000
442.50000,0.00000
442.60000,0.00000
442.70000,0.00000
442.80000,0.00000
442.90000,0.00000
443.00000,0.00000
443.10000,0.00000
443.20000,0.00001
443.30000,0.00001
443.40000,0.00001
443.50000,0.00000
443.60000,0.00000
443.70000,0.00000
443.80000,0.00000
443.90000,0.00000
444.00000,0.00000
444.10000,0.00000
444.20000,0.00000
444.30000,0.00000
444.40000,0.00000
444.50000,0.00000
444.60000,0.00000
444.70000,0.00000
444.80000,0.00000
444.90000,0.00000
445.00000,0.00000
445.10000,0.00000
445.20000,0.00000
445.30000,0.00000
445.40000,0.00000
445.50000,0.00000
445.60000,0.00000
445.70000,0.00000
445.80000,0.00000
445.90000,0.00000
446.00000,0.00000
446.10000,0.00000
446.20000,0.00000
446.30000,0.00000
446.40000,0.00000
446.50000,0.00000
446.60000,0.00000
446.70000,0.00000
446.80000,0.00000
446.90000,0.00000
447.00000,0.00000
447.10000,0.00000
447.20000,0.00000
447.30000,0.00000
447.40000,0.00000
447.50000,0.00001
447.60000,0.00001
447.70000,0.00001
447.80000,0.00000
447.90000,0.00000
448.00000,0.00000
448.10000,0.00000
448.20000,0.00000
448.30000,0.00000
448.40000,0.00000
448.50000,0.00000
448.60000,0.00000
448.70000,0.00000
448.80000,0.00000
448.90000,0.00000
449.00000,0.00000
449.10000,0.00000
449.20000,0.00000
449.30000,0.00000
449.40000,0.00000
449.50000,0.00000
449.60000,0.00000
449.70000,0.00000
449.80000,0.00000
449.90000,0.00000
450.00000,0.00000
450.10000,0.00000
450.20000,0.00000
450.30000,0.00000
450.40000,0.00000
450.50000,0.00000
450.60000,0.00000
450.70000,0.00001
450.80000,0.00001
450.90000,0.00001
451.00000,0.00001
451.10000,0.00001
451.20000,0.00000
451.30000,0.00000
451.40000,0.00000
451.50000,0.00000
451.60000,0.00000
451.70000,0.00000
451.80000,0.00000
451.90000,0.00000
452.00000,0.00000
452.10000,0.00000
452.20000,0.00000
452.30000,0.00000
452.40000,0.00000
452.50000,0.00000
452.60000,0.00000
452.70000,0.00000
452.80000,0.00000
452.90000,0.00000
453.00000,0.00000
453.10000,0.00000
453.20000,0.00000
453.30000,0.00000
453.40000,0.00000
453.50000,0.00000
453.60000,0.00000
453.70000,0.00002
453.80000,0.00004
453.90000,0.00003
454.00000,0.00002
454.10000,0.00001
454.20000,0.00001
454.30000,0.00001
454.40000,0.00001
454.50000,0.00001
454.60000,0.00001
454.70000,0.00001
454.80000,0.00001
454.90000,0.00000
455.00000,0.00000
455.10000,0.00000
455.20000,0.00000
455.30000,0.00000
455.40000,0.00000
455.50000,0.00000
455.60000,0.00000
455.70000,0.00000
455.80000,0.00000
455.90000,0.00000
456.00000,0.00000
456.10000,0.00000
456.20000,0.00000
456.30000,0.00000
456.40000,0.00000
456.50000,0.00000
456.60000,0.00000
456.70000,0.00000
456.80000,0.00001
456.90000,0.00001
457.00000,0.00002
457.10000,0.00001
457.20000,0.00000
457.30000,0.00000
457.40000,0.00000
457.50000,0.00000
457.60000,0.00000
457.70000,0.00000
457.80000,0.00000
457.90000,0.00000
458.00000,0.00000
458.10000,0.00000
458.20000,0.00000
458.30000,0.00000
458.40000,0.00001
458.50000,0.00000
458.60000,0.00000
458.70000,0.00000
458.80000,0.00000
458.90000,0.00000
459.00000,0.00000
459.10000,0.00000
459.20000,0.00000
459.30000,0.00000
459.40000,0.00000
459.50000,0.00000
459.60000,0.00001
459.70000,0.00001
459.80000,0.00001
459.90000,0.00000
460.00000,0.00000
460.10000,0.00000
460.20000,0.00000
460.30000,0.00000
460.40000,0.00001
460.50000,0.00000
460.60000,0.00000
460.70000,0.00000
460.80000,0.00000
460.90000,0.00000
461.00000,0.00000
461.10000,0.00000
461.20000,0.00000
461.30000,0.00000
461.40000,0.00000
461.50000,0.00000
461.60000,0.00000
461.70000,0.00000
461.80000,0.00000
461.90000,0.00000
462.00000,0.00000
462.10000,0.00000
462.20000,0.00000
462.30000,0.00000
462.40000,0.00000
462.50000,0.00000
462.60000,0.00000
462.70000,0.00000
462.80000,0.00000
462.90000,0.00000
463.00000,0.00000
463.10000,0.00000
463.20000,0.00000
463.30000,0.00000
463.40000,0.00000
463.50000,0.00000
463.60000,0.00000
463.70000,0.00000
463.80000,0.00000
463.90000,0.00000
464.00000,0.00000
464.10000,0.00000
464.20000,0.00000
464.30000,0.00000
464.40000,0.00000
464.50000,0.00000
464.60000,0.00000
464.70000,0.00000
464.80000,0.00000
464.90000,0.00000
465.00000,0.00000
465.10000,0.00000
465.20000,0.00000
465.30000,0.00000
465.40000,0.00000
465.50000,0.00000
465.60000,0.00000
465.70000,0.00000
465.80000,0.00000
465.90000,0.00000
466.00000,0.00000
466.10000,0.00000
466.20000,0.00000
466.30000,0.00000
466.40000,0.00000
466.50000,0.00000
466.60000,0.00000
466.70000,0.00000
466.80000,0.00000
466.90000,0.00000
467.00000,0.00000
467.10000,0.00000
467.20000,0.00000
467.30000,0.00000
467.40000,0.00000
467.50000,0.00000
467.60000,0.00000
467.70000,0.00000
467.80000,0.00000
467.90000,0.00000
468.00000,0.00000
468.10000,0.00000
468.20000,0.00000
468.30000,0.00000
468.40000,0.00000
468.50000,0.00000
468.60000,0.00000
468.70000,0.00000
468.80000,0.00000
468.90000,0.00000
469.00000,0.00000
469.10000,0.00000
469.20000,0.00000
469.30000,0.00000
469.40000,0.00000
469.50000,0.00000
469.60000,0.00000
469.70000,0.00000
469.80000,0.00000
469.90000,0.00000
470.00000,0.00000
470.10000,0.00000
470.20000,0.00000
470.30000,0.00000
470.40000,0.00000
470.50000,0.00000
470.60000,0.00000
470.70000,0.00000
470.80000,0.00000
470.90000,0.00000
471.00000,0.00000
471.10000,0.00000
471.20000,0.00000
471.30000,0.00000
471.40000,0.00000
471.50000,0.00000
471.60000,0.00000
471.70000,0.00000
471.80000,0.00000
471.90000,0.00000
472.00000,0.00000
472.10000,0.00000
472.20000,0.00000
472.30000,0.00000
472.40000,0.00000
472.50000,0.00000
472.60000,0.00000
472.70000,0.00000
472.80000,0.00000
472.90000,0.00000
473.00000,0.00000
473.10000,0.00000
473.20000,0.00000
473.30000,0.00000
473.40000,0.00000
473.50000,0.00000
473.60000,0.00000
473.70000,0.00000
473.80000,0.00000
473.90000,0.00000
474.00000,0.00000
474.10000,0.00000
474.20000,0.00000
474.30000,0.00000
474.40000,0.00000
474.50000,0.00000
474.60000,0.00000
474.70000,0.00000
474.80000,0.00000
474.90000,0.00000
475.00000,0.00000
475.10000,0.00000
475.20000,0.00000
475.30000,0.00000
475.40000,0.00000
475.50000,0.00000
475.60000,0.00000
475.70000,0.00000
475.80000,0.00000
475.90000,0.00000
476.00000,0.00000
476.10000,0.00000
476.20000,0.00000
476.30000,0.00000
476.40000,0.00000
476.50000,0.00000
476.60000,0.00000
476.70000,0.00000
476.80000,0.00000
476.90000,0.00000
477.00000,0.00000
477.10000,0.00000
477.20000,0.00000
477.30000,0.00000
477.40000,0.00000
477.50000,0.00000
477.60000,0.00000
477.70000,0.00000
477.80000,0.00000
477.90000,0.00000
478.00000,0.00000
478.10000,0.00000
478.20000,0.00000
478.30000,0.00000
478.40000,0.00000
478.50000,0.00000
478.60000,0.00000
478.70000,0.00000
478.80000,0.00000
478.90000,0.00000
479.00000,0.00000
479.10000,0.00000
479.20000,0.00000
479.30000,0.00000
479.40000,0.00000
479.50000,0.00000
479.60000,0.00000
479.70000,0.00000
479.80000,0.00000
479.90000,0.00000
480.00000,0.00000
480.10000,0.00000
480.20000,0.00000
480.30000,0.00000
480.40000,0.00000
480.50000,0.00000
480.60000,0.00000
480.70000,0.00000
480.80000,0.00000
480.90000,0.00000
481.00000,0.00000
481.10000,0.00000
481.20000,0.00000
481.30000,0.00000
481.40000,0.00000
481.50000,0.00000
481.60000,0.00000
481.70000,0.00000
481.80000,0.00000
481.90000,0.00000
482.00000,0.00000
482.10000,0.00000
482.20000,0.00000
482.30000,0.00000
482.40000,0.00000
482.50000,0.00000
482.60000,0.00000
482.70000,0.00000
482.80000,0.00000
482.90000,0.00000
483.00000,0.00000
483.10000,0.00000
483.20000,0.00000
483.30000,0.00000
483.40000,0.00000
483.50000,0.00000
483.60000,0.00000
483.70000,0.00000
483.80000,0.00000
483.90000,0.00000
484.00000,0.00000
484.10000,0.00000
484.20000,0.00000
484.30000,0.00000
484.40000,0.00000
484.50000,0.00000
484.60000,0.00000
484.70000,0.00000
484.80000,0.00000
484.90000,0.00000
485.00000,0.00000
485.10000,0.00000
485.20000,0.00000
485.30000,0.00000
485.40000,0.00000
485.50000,0.00000
485.60000,0.00000
485.70000,0.00000
485.80000,0.00000
485.90000,0.00000
486.00000,0.00000
486.10000,0.00000
486.20000,0.00000
486.30000,0.00000
486.40000,0.00000
486.50000,0.00000
486.60000,0.00000
486.70000,0.00000
486.80000,0.00000
486.90000,0.00000
487.00000,0.00000
487.10000,0.00000
487.20000,0.00000
487.30000,0.00000
487.40000,0.00000
487.50000,0.00000
487.60000,0.00000
487.70000,0.00000
487.80000,0.00000
487.90000,0.00000
488.00000,0.00000
488.10000,0.00000
488.20000,0.00000
488.30000,0.00000
488.40000,0.00000
488.50000,0.00000
488.60000,0.00000
488.70000,0.00000
488.80000,0.00000
488.90000,0.00000
489.00000,0.00000
489.10000,0.00000
489.20000,0.00000
489.30000,0.00000
489.40000,0.00000
489.50000,0.00000
489.60000,0.00000
489.70000,0.00000
489.80000,0.00000
489.90000,0.00000
490.00000,0.00000
490.10000,0.00000
490.20000,0.00000
490.30000,0.00000
490.40000,0.00000
490.50000,0.00000
490.60000,0.00000
490.70000,0.00000
490.80000,0.00000
490.90000,0.00000
491.00000,0.00000
491.10000,0.00000
491.20000,0.00000
491.30000,0.00000
491.40000,0.00000
491.50000,0.00000
491.60000,0.00000
491.70000,0.00000
491.80000,0.00000
491.90000,0.00000
492.00000,0.00000
492.10000,0.00000
492.20000,0.00000
492.30000,0.00000
492.40000,0.00000
492.50000,0.00000
492.60000,0.00000
492.70000,0.00000
492.80000,0.00000
492.90000,0.00000
493.00000,0.00000
493.10000,0.00000
493.20000,0.00000
493.30000,0.00000
493.40000,0.00000
493.50000,0.00000
493.60000,0.00000
493.70000,0.00000
493.80000,0.00000
493.90000,0.00000
494.00000,0.00000
494.10000,0.00000
494.20000,0.00000
494.30000,0.00000
494.40000,0.00000
494.50000,0.00000
494.60000,0.00000
494.70000,0.00000
494.80000,0.00000
494.90000,0.00000
495.00000,0.00000
495.10000,0.00000
495.20000,0.00000
495.30000,0.00000
495.40000,0.00000
495.50000,0.00000
495.60000,0.00000
495.70000,0.00000
495.80000,0.00000
495.90000,0.00000
496.00000,0.00000
496.10000,0.00000
496.20000,0.00000
496.30000,0.00000
496.40000,0.00000
496.50000,0.00000
496.60000,0.00000
496.70000,0.00000
496.80000,0.00000
496.90000,0.00000
497.00000,0.00000
497.10000,0.00000
497.20000,0.00000
497.30000,0.00000
497.40000,0.00000
497.50000,0.00000
497.60000,0.00000
497.70000,0.00000
497.80000,0.00000
497.90000,0.00000
498.00000,0.00000
498.10000,0.00000
498.20000,0.00000
498.30000,0.00000
498.40000,0.00000
498.50000,0.00000
498.60000,0.00000
498.70000,0.00000
498.80000,0.00000
498.90000,0.00000
499.00000,0.00000
499.10000,0.00000
499.20000,0.00000
499.30000,0.00000
499.40000,0.00000
499.50000,0.00000
499.60000,0.00000
499.70000,0.00000
499.80000,0.00000
499.90000,0.00000
500.00000,0.00000
500.10000,0.00000
500.20000,0.00000
500.30000,0.00000
500.40000,0.00000
500.50000,0.00000
500.60000,0.00000
500.70000,0.00000
500.80000,0.00000
500.90000,0.00000
501.00000,0.00000
501.10000,0.00000
501.20000,0.00000
501.30000,0.00000
501.40000,0.00000
501.50000,0.00000
501.60000,0.00000
501.70000,0.00000
501.80000,0.00000
501.90000,0.00000
502.00000,0.00000
502.10000,0.00000
502.20000,0.00000
502.30000,0.00000
502.40000,0.00000
502.50000,0.00000
502.60000,0.00000
502.70000,0.00000
502.80000,0.00000
502.90000,0.00000
503.00000,0.00000
503.10000,0.00000
503.20000,0.00000
503.30000,0.00000
503.40000,0.00000
503.50000,0.00000
503.60000,0.00000
503.70000,0.00000
503.80000,0.00000
503.90000,0.00000
504.00000,0.00000
504.10000,0.00000
504.20000,0.00000
504.30000,0.00000
504.40000,0.00000
504.50000,0.00000
504.60000,0.00000
504.70000,0.00000
504.80000,0.00000
504.90000,0.00000
505.00000,0.00000
505.10000,0.00000
505.20000,0.00000
505.30000,0.00000
505.40000,0.00001
505.50000,0.00001
505.60000,0.00001
505.70000,0.00001
505.80000,0.00001
505.90000,0.00001
506.00000,0.00001
506.10000,0.00001
506.20000,0.00001
506.30000,0.00001
506.40000,0.00001
506.50000,0.00001
506.60000,0.00001
506.70000,0.00001
506.80000,0.00001
506.90000,0.00002
507.00000,0.00002
507.10000,0.00002
507.20000,0.00003
507.30000,0.00003
507.40000,0.00003
507.50000,0.00004
507.60000,0.00004
507.70000,0.00005
507.80000,0.00005
507.90000,0.00006
508.00000,0.00007
508.10000,0.00008
508.20000,0.00009
508.30000,0.00011
508.40000,0.00012
508.50000,0.00014
508.60000,0.00016
508.70000,0.00019
508.80000,0.00021
508.90000,0.00025
509.00000,0.00028
509.10000,0.00033
509.20000,0.00038
509.30000,0.00045
509.40000,0.00053
509.50000,0.00063
509.60000,0.00074
509.70000,0.00090
509.80000,0.00105
509.90000,0.00129
510.00000,0.00153
510.10000,0.00190
510.20000,0.00226
510.30000,0.00283
510.40000,0.00339
510.50000,0.00428
510.60000,0.00516
510.70000,0.00656
510.80000,0.00795
510.90000,0.01018
511.00000,0.01240
511.10000,0.01598
511.20000,0.01957
511.30000,0.02544
511.40000,0.03130
511.50000,0.04103
511.60000,0.05075
511.70000,0.06702
511.80000,0.08326
511.90000,0.11003
512.00000,0.13679
512.10000,0.17841
512.20000,0.22001
512.30000,0.27686
512.40000,0.33364
512.50000,0.39527
512.60000,0.45685
512.70000,0.50552
512.80000,0.55417
512.90000,0.58108
513.00000,0.60796
513.10000,0.61802
513.20000,0.62810
513.30000,0.63004
513.40000,0.63195
513.50000,0.63125
513.60000,0.63054
513.70000,0.62965
513.80000,0.62873
513.90000,0.62830
514.00000,0.62791
514.10000,0.62788
514.20000,0.62781
514.30000,0.62813
514.40000,0.62847
514.50000,0.62888
514.60000,0.62929
514.70000,0.62972
514.80000,0.63016
514.90000,0.63046
515.00000,0.63078
515.10000,0.63083
515.20000,0.63084
515.30000,0.63064
515.40000,0.63047
515.50000,0.63008
515.60000,0.62969
515.70000,0.62919
515.80000,0.62869
515.90000,0.62831
516.00000,0.62793
516.10000,0.62776
516.20000,0.62756
516.30000,0.62756
516.40000,0.62761
516.50000,0.62786
516.60000,0.62807
516.70000,0.62839
516.80000,0.62873
516.90000,0.62907
517.00000,0.62940
517.10000,0.62954
517.20000,0.62971
517.30000,0.62983
517.40000,0.62995
517.50000,0.62992
517.60000,0.62985
517.70000,0.62972
517.80000,0.62962
517.90000,0.62950
518.00000,0.62935
518.10000,0.62917
518.20000,0.62900
518.30000,0.62885
518.40000,0.62872
518.50000,0.62855
518.60000,0.62838
518.70000,0.62821
518.80000,0.62800
518.90000,0.62771
519.00000,0.62747
519.10000,0.62714
519.20000,0.62677
519.30000,0.62644
519.40000,0.62612
519.50000,0.62584
519.60000,0.62556
519.70000,0.62532
519.80000,0.62507
519.90000,0.62498
520.00000,0.62484
520.10000,0.62484
520.20000,0.62484
520.30000,0.62484
520.40000,0.62488
520.50000,0.62498
520.60000,0.62505
520.70000,0.62519
520.80000,0.62533
520.90000,0.62532
521.00000,0.62533
521.10000,0.62540
521.20000,0.62544
521.30000,0.62539
521.40000,0.62534
521.50000,0.62529
521.60000,0.62524
521.70000,0.62512
521.80000,0.62499
521.90000,0.62487
522.00000,0.62475
522.10000,0.62466
522.20000,0.62458
522.30000,0.62440
522.40000,0.62425
522.50000,0.62406
522.60000,0.62386
522.70000,0.62374
522.80000,0.62361
522.90000,0.62342
523.00000,0.62322
523.10000,0.62296
523.20000,0.62269
523.30000,0.62249
523.40000,0.62230
523.50000,0.62203
523.60000,0.62176
523.70000,0.62156
523.80000,0.62135
523.90000,0.62111
524.00000,0.62090
524.10000,0.62078
524.20000,0.62061
524.30000,0.62050
524.40000,0.62031
524.50000,0.62017
524.60000,0.62021
524.70000,0.62008
524.80000,0.61993
524.90000,0.61987
525.00000,0.61974
525.10000,0.61972
525.20000,0.61966
525.30000,0.61951
525.40000,0.61941
525.50000,0.61935
525.60000,0.61927
525.70000,0.61911
525.80000,0.61898
525.90000,0.61893
526.00000,0.61887
526.10000,0.61871
526.20000,0.61854
526.30000,0.61834
526.40000,0.61815
526.50000,0.61802
526.60000,0.61787
526.70000,0.61763
526.80000,0.61729
526.90000,0.61729
527.00000,0.61713
527.10000,0.61689
527.20000,0.61669
527.30000,0.61664
527.40000,0.61658
527.50000,0.61646
527.60000,0.61633
527.70000,0.61623
527.80000,0.61614
527.90000,0.61608
528.00000,0.61603
528.10000,0.61590
528.20000,0.61575
528.30000,0.61557
528.40000,0.61544
528.50000,0.61524
528.60000,0.61504
528.70000,0.61478
528.80000,0.61451
528.90000,0.61431
529.00000,0.61411
529.10000,0.61392
529.20000,0.61360
529.30000,0.61354
529.40000,0.61338
529.50000,0.61326
529.60000,0.61313
529.70000,0.61314
529.80000,0.61316
529.90000,0.61317
530.00000,0.61318
530.10000,0.61320
530.20000,0.61321
530.30000,0.61315
530.40000,0.61310
530.50000,0.61304
530.60000,0.61298
530.70000,0.61284
530.80000,0.61272
530.90000,0.61252
531.00000,0.61233
531.10000,0.61231
531.20000,0.61227
531.30000,0.61214
531.40000,0.61200
531.50000,0.61194
531.60000,0.61188
531.70000,0.61183
531.80000,0.61181
531.90000,0.61170
532.00000,0.61157
532.10000,0.61140
532.20000,0.61124
532.30000,0.61083
532.40000,0.61043
532.50000,0.60992
532.60000,0.60941
532.70000,0.60890
532.80000,0.60836
532.90000,0.60781
533.00000,0.60730
533.10000,0.60707
533.20000,0.60684
533.30000,0.60682
533.40000,0.60681
533.50000,0.60700
533.60000,0.60719
533.70000,0.60759
533.80000,0.60799
533.90000,0.60846
534.00000,0.60893
534.10000,0.60913
534.20000,0.60932
534.30000,0.60909
534.40000,0.60886
534.50000,0.60821
534.60000,0.60760
534.70000,0.60657
534.80000,0.60551
534.90000,0.60417
535.00000,0.60283
535.10000,0.60159
535.20000,0.60037
535.30000,0.59925
535.40000,0.59813
535.50000,0.59756
535.60000,0.59700
535.70000,0.59709
535.80000,0.59716
535.90000,0.59790
536.00000,0.59864
536.10000,0.60007
536.20000,0.60151
536.30000,0.60315
536.40000,0.60480
536.50000,0.60534
536.60000,0.60592
536.70000,0.60205
536.80000,0.59814
536.90000,0.58387
537.00000,0.56961
537.10000,0.53821
537.20000,0.50682
537.30000,0.45790
537.40000,0.40900
537.50000,0.35306
537.60000,0.29715
537.70000,0.24811
537.80000,0.19909
537.90000,0.16335
538.00000,0.12762
538.10000,0.10416
538.20000,0.08070
538.30000,0.06599
538.40000,0.05130
538.50000,0.04217
538.60000,0.03305
538.70000,0.02736
538.80000,0.02166
538.90000,0.01805
539.00000,0.01443
539.10000,0.01210
539.20000,0.00976
539.30000,0.00822
539.40000,0.00669
539.50000,0.00567
539.60000,0.00465
539.70000,0.00395
539.80000,0.00325
539.90000,0.00278
540.00000,0.00230
540.10000,0.00198
540.20000,0.00165
540.30000,0.00142
540.40000,0.00119
540.50000,0.00103
540.60000,0.00087
540.70000,0.00076
540.80000,0.00064
540.90000,0.00056
541.00000,0.00048
541.10000,0.00042
541.20000,0.00036
541.30000,0.00032
541.40000,0.00028
541.50000,0.00024
541.60000,0.00021
541.70000,0.00019
541.80000,0.00016
541.90000,0.00014
542.00000,0.00013
542.10000,0.00011
542.20000,0.00010
542.30000,0.00009
542.40000,0.00008
542.50000,0.00007
542.60000,0.00006
542.70000,0.00006
542.80000,0.00005
542.90000,0.00004
543.00000,0.00004
543.10000,0.00003
543.20000,0.00003
543.30000,0.00003
543.40000,0.00003
543.50000,0.00002
543.60000,0.00002
543.70000,0.00002
543.80000,0.00002
543.90000,0.00002
544.00000,0.00001
544.10000,0.00001
544.20000,0.00001
544.30000,0.00001
544.40000,0.00001
544.50000,0.00001
544.60000,0.00001
544.70000,0.00001
544.80000,0.00001
544.90000,0.00001
545.00000,0.00001
545.10000,0.00001
545.20000,0.00001
545.30000,0.00001
545.40000,0.00001
545.50000,0.00000
545.60000,0.00000
545.70000,0.00000
545.80000,0.00000
545.90000,0.00000
546.00000,0.00000
546.10000,0.00000
546.20000,0.00000
546.30000,0.00000
546.40000,0.00000
546.50000,0.00000
546.60000,0.00000
546.70000,0.00000
546.80000,0.00000
546.90000,0.00000
547.00000,0.00000
547.10000,0.00000
547.20000,0.00000
547.30000,0.00000
547.40000,0.00000
547.50000,0.00000
547.60000,0.00000
547.70000,0.00000
547.80000,0.00000
547.90000,0.00000
548.00000,0.00000
548.10000,0.00000
548.20000,0.00000
548.30000,0.00000
548.40000,0.00000
548.50000,0.00000
548.60000,0.00000
548.70000,0.00000
548.80000,0.00000
548.90000,0.00000
549.00000,0.00000
549.10000,0.00000
549.20000,0.00000
549.30000,0.00000
549.40000,0.00000
549.50000,0.00000
549.60000,0.00000
549.70000,0.00000
549.80000,0.00000
549.90000,0.00000
550.00000,0.00000
550.10000,0.00000
550.20000,0.00000
550.30000,0.00000
550.40000,0.00000
550.50000,0.00000
550.60000,0.00000
550.70000,0.00000
550.80000,0.00000
550.90000,0.00000
551.00000,0.00000
551.10000,0.00000
551.20000,0.00000
551.30000,0.00000
551.40000,0.00000
551.50000,0.00000
551.60000,0.00000
551.70000,0.00000
551.80000,0.00000
551.90000,0.00000
552.00000,0.00000
552.10000,0.00000
552.20000,0.00000
552.30000,0.00000
552.40000,0.00000
552.50000,0.00000
552.60000,0.00000
552.70000,0.00000
552.80000,0.00000
552.90000,0.00000
553.00000,0.00000
553.10000,0.00000
553.20000,0.00000
553.30000,0.00000
553.40000,0.00000
553.50000,0.00000
553.60000,0.00000
553.70000,0.00000
553.80000,0.00000
553.90000,0.00000
554.00000,0.00000
554.10000,0.00000
554.20000,0.00000
554.30000,0.00000
554.40000,0.00000
554.50000,0.00000
554.60000,0.00000
554.70000,0.00000
554.80000,0.00000
554.90000,0.00000
555.00000,0.00000
555.10000,0.00000
555.20000,0.00000
555.30000,0.00000
555.40000,0.00000
555.50000,0.00000
555.60000,0.00000
555.70000,0.00000
555.80000,0.00000
555.90000,0.00000
556.00000,0.00000
556.10000,0.00000
556.20000,0.00000
556.30000,0.00000
556.40000,0.00000
556.50000,0.00000
556.60000,0.00000
556.70000,0.00000
556.80000,0.00000
556.90000,0.00000
557.00000,0.00000
557.10000,0.00000
557.20000,0.00000
557.30000,0.00000
557.40000,0.00000
557.50000,0.00000
557.60000,0.00000
557.70000,0.00000
557.80000,0.00000
557.90000,0.00000
558.00000,0.00000
558.10000,0.00000
558.20000,0.00000
558.30000,0.00000
558.40000,0.00000
558.50000,0.00000
558.60000,0.00000
558.70000,0.00000
558.80000,0.00000
558.90000,0.00000
559.00000,0.00000
559.10000,0.00000
559.20000,0.00000
559.30000,0.00000
559.40000,0.00000
559.50000,0.00000
559.60000,0.00000
559.70000,0.00000
559.80000,0.00000
559.90000,0.00000
560.00000,0.00000
560.10000,0.00000
560.20000,0.00000
560.30000,0.00000
560.40000,0.00000
560.50000,0.00000
560.60000,0.00000
560.70000,0.00000
560.80000,0.00000
560.90000,0.00000
561.00000,0.00000
561.10000,0.00000
561.20000,0.00000
561.30000,0.00000
561.40000,0.00000
561.50000,0.00000
561.60000,0.00000
561.70000,0.00000
561.80000,0.00000
561.90000,0.00000
562.00000,0.00000
562.10000,0.00000
562.20000,0.00000
562.30000,0.00000
562.40000,0.00000
562.50000,0.00000
562.60000,0.00000
562.70000,0.00000
562.80000,0.00000
562.90000,0.00000
563.00000,0.00000
563.10000,0.00000
563.20000,0.00000
563.30000,0.00000
563.40000,0.00000
563.50000,0.00000
563.60000,0.00000
563.70000,0.00000
563.80000,0.00000
563.90000,0.00000
564.00000,0.00000
564.10000,0.00000
564.20000,0.00000
564.30000,0.00000
564.40000,0.00000
564.50000,0.00000
564.60000,0.00000
564.70000,0.00000
564.80000,0.00000
564.90000,0.00000
565.00000,0.00000
565.10000,0.00000
565.20000,0.00000
565.30000,0.00000
565.40000,0.00000
565.50000,0.00000
565.60000,0.00000
565.70000,0.00000
565.80000,0.00000
565.90000,0.00000
566.00000,0.00000
566.10000,0.00000
566.20000,0.00000
566.30000,0.00000
566.40000,0.00000
566.50000,0.00000
566.60000,0.00000
566.70000,0.00000
566.80000,0.00000
566.90000,0.00000
567.00000,0.00000
567.10000,0.00000
567.20000,0.00000
567.30000,0.00000
567.40000,0.00000
567.50000,0.00000
567.60000,0.00000
567.70000,0.00000
567.80000,0.00000
567.90000,0.00000
568.00000,0.00000
568.10000,0.00000
568.20000,0.00000
568.30000,0.00000
568.40000,0.00000
568.50000,0.00000
568.60000,0.00000
568.70000,0.00000
568.80000,0.00000
568.90000,0.00000
569.00000,0.00000
569.10000,0.00000
569.20000,0.00000
569.30000,0.00000
569.40000,0.00000
569.50000,0.00000
569.60000,0.00000
569.70000,0.00000
569.80000,0.00000
569.90000,0.00000
570.00000,0.00000
570.10000,0.00000
570.20000,0.00000
570.30000,0.00000
570.40000,0.00000
570.50000,0.00000
570.60000,0.00000
570.70000,0.00000
570.80000,0.00000
570.90000,0.00000
571.00000,0.00000
571.10000,0.00000
571.20000,0.00000
571.30000,0.00000
571.40000,0.00000
571.50000,0.00000
571.60000,0.00000
571.70000,0.00000
571.80000,0.00000
571.90000,0.00000
572.00000,0.00000
572.10000,0.00000
572.20000,0.00000
572.30000,0.00000
572.40000,0.00000
572.50000,0.00000
572.60000,0.00000
572.70000,0.00000
572.80000,0.00000
572.90000,0.00000
573.00000,0.00000
573.10000,0.00000
573.20000,0.00000
573.30000,0.00000
573.40000,0.00000
573.50000,0.00000
573.60000,0.00000
573.70000,0.00000
573.80000,0.00000
573.90000,0.00000
574.00000,0.00000
574.10000,0.00000
574.20000,0.00000
574.30000,0.00000
574.40000,0.00000
574.50000,0.00000
574.60000,0.00000
574.70000,0.00000
574.80000,0.00000
574.90000,0.00000
575.00000,0.00000
575.10000,0.00000
575.20000,0.00000
575.30000,0.00000
575.40000,0.00000
575.50000,0.00000
575.60000,0.00000
575.70000,0.00000
575.80000,0.00000
575.90000,0.00000
576.00000,0.00000
576.10000,0.00000
576.20000,0.00000
576.30000,0.00000
576.40000,0.00000
576.50000,0.00000
576.60000,0.00000
576.70000,0.00000
576.80000,0.00000
576.90000,0.00000
577.00000,0.00000
577.10000,0.00000
577.20000,0.00000
577.30000,0.00000
577.40000,0.00000
577.50000,0.00000
577.60000,0.00000
577.70000,0.00000
577.80000,0.00000
577.90000,0.00000
578.00000,0.00000
578.10000,0.00000
578.20000,0.00000
578.30000,0.00000
578.40000,0.00000
578.50000,0.00000
578.60000,0.00000
578.70000,0.00000
578.80000,0.00000
578.90000,0.00000
579.00000,0.00000
579.10000,0.00000
579.20000,0.00000
579.30000,0.00000
579.40000,0.00000
579.50000,0.00000
579.60000,0.00000
579.70000,0.00000
579.80000,0.00000
579.90000,0.00000
580.00000,0.00000
580.10000,0.00000
580.20000,0.00000
580.30000,0.00000
580.40000,0.00000
580.50000,0.00000
580.60000,0.00000
580.70000,0.00000
580.80000,0.00000
580.90000,0.00000
581.00000,0.00000
581.10000,0.00000
581.20000,0.00000
581.30000,0.00000
581.40000,0.00000
581.50000,0.00000
581.60000,0.00000
581.70000,0.00000
581.80000,0.00000
581.90000,0.00000
582.00000,0.00000
582.10000,0.00000
582.20000,0.00000
582.30000,0.00000
582.40000,0.00000
582.50000,0.00000
582.60000,0.00000
582.70000,0.00000
582.80000,0.00000
582.90000,0.00000
583.00000,0.00000
583.10000,0.00000
583.20000,0.00000
583.30000,0.00000
583.40000,0.00000
583.50000,0.00000
583.60000,0.00000
583.70000,0.00000
583.80000,0.00000
583.90000,0.00000
584.00000,0.00000
584.10000,0.00000
584.20000,0.00000
584.30000,0.00000
584.40000,0.00000
584.50000,0.00000
584.60000,0.00000
584.70000,0.00000
584.80000,0.00000
584.90000,0.00000
585.00000,0.00000
585.10000,0.00000
585.20000,0.00000
585.30000,0.00000
585.40000,0.00000
585.50000,0.00000
585.60000,0.00000
585.70000,0.00000
585.80000,0.00000
585.90000,0.00000
586.00000,0.00000
586.10000,0.00000
586.20000,0.00000
586.30000,0.00000
586.40000,0.00000
586.50000,0.00000
586.60000,0.00000
586.70000,0.00000
586.80000,0.00000
586.90000,0.00000
587.00000,0.00000
587.10000,0.00000
587.20000,0.00000
587.30000,0.00000
587.40000,0.00000
587.50000,0.00000
587.60000,0.00000
587.70000,0.00000
587.80000,0.00000
587.90000,0.00000
588.00000,0.00000
588.10000,0.00000
588.20000,0.00000
588.30000,0.00000
588.40000,0.00000
588.50000,0.00000
588.60000,0.00000
588.70000,0.00000
588.80000,0.00000
588.90000,0.00000
589.00000,0.00000
589.10000,0.00000
589.20000,0.00000
589.30000,0.00000
589.40000,0.00000
589.50000,0.00000
589.60000,0.00000
589.70000,0.00000
589.80000,0.00000
589.90000,0.00000
590.00000,0.00000
590.10000,0.00000
590.20000,0.00000
590.30000,0.00000
590.40000,0.00000
590.50000,0.00000
590.60000,0.00000
590.70000,0.00000
590.80000,0.00000
590.90000,0.00000
591.00000,0.00000
591.10000,0.00000
591.20000,0.00000
591.30000,0.00000
591.40000,0.00000
591.50000,0.00000
591.60000,0.00000
591.70000,0.00000
591.80000,0.00000
591.90000,0.00000
592.00000,0.00000
592.10000,0.00000
592.20000,0.00000
592.30000,0.00000
592.40000,0.00000
592.50000,0.00000
592.60000,0.00000
592.70000,0.00000
592.80000,0.00000
592.90000,0.00000
593.00000,0.00000
593.10000,0.00000
593.20000,0.00000
593.30000,0.00000
593.40000,0.00000
593.50000,0.00000
593.60000,0.00000
593.70000,0.00000
593.80000,0.00000
593.90000,0.00000
594.00000,0.00000
594.10000,0.00000
594.20000,0.00000
594.30000,0.00000
594.40000,0.00000
594.50000,0.00000
594.60000,0.00000
594.70000,0.00000
594.80000,0.00000
594.90000,0.00000
595.00000,0.00000
595.10000,0.00000
595.20000,0.00000
595.30000,0.00000
595.40000,0.00000
595.50000,0.00000
595.60000,0.00000
595.70000,0.00000
595.80000,0.00000
595.90000,0.00000
596.00000,0.00000
596.10000,0.00000
596.20000,0.00000
596.30000,0.00000
596.40000,0.00000
596.50000,0.00000
596.60000,0.00000
596.70000,0.00000
596.80000,0.00000
596.90000,0.00000
597.00000,0.00000
597.10000,0.00000
597.20000,0.00000
597.30000,0.00000
597.40000,0.00000
597.50000,0.00000
597.60000,0.00000
597.70000,0.00000
597.80000,0.00000
597.90000,0.00000
598.00000,0.00000
598.10000,0.00000
598.20000,0.00000
598.30000,0.00000
598.40000,0.00000
598.50000,0.00000
598.60000,0.00000
598.70000,0.00000
598.80000,0.00000
598.90000,0.00000
599.00000,0.00000
599.10000,0.00000
599.20000,0.00000
599.30000,0.00000
599.40000,0.00000
599.50000,0.00000
599.60000,0.00000
599.70000,0.00000
599.80000,0.00000
599.90000,0.00000
600.00000,0.00000
600.10000,0.00000
600.20000,0.00000
600.30000,0.00000
600.40000,0.00000
600.50000,0.00000
600.60000,0.00000
600.70000,0.00000
600.80000,0.00000
600.90000,0.00000
601.00000,0.00000
601.10000,0.00000
601.20000,0.00000
601.30000,0.00000
601.40000,0.00000
601.50000,0.00000
601.60000,0.00000
601.70000,0.00000
601.80000,0.00000
601.90000,0.00000
602.00000,0.00000
602.10000,0.00000
602.20000,0.00000
602.30000,0.00000
602.40000,0.00000
602.50000,0.00000
602.60000,0.00000
602.70000,0.00000
602.80000,0.00000
602.90000,0.00000
603.00000,0.00000
603.10000,0.00000
603.20000,0.00000
603.30000,0.00000
603.40000,0.00000
603.50000,0.00000
603.60000,0.00000
603.70000,0.00000
603.80000,0.00000
603.90000,0.00000
604.00000,0.00000
604.10000,0.00000
604.20000,0.00000
604.30000,0.00000
604.40000,0.00000
604.50000,0.00000
604.60000,0.00000
604.70000,0.00000
604.80000,0.00000
604.90000,0.00000
605.00000,0.00000
605.10000,0.00000
605.20000,0.00000
605.30000,0.00000
605.40000,0.00000
605.50000,0.00000
605.60000,0.00000
605.70000,0.00000
605.80000,0.00000
605.90000,0.00000
606.00000,0.00000
606.10000,0.00000
606.20000,0.00000
606.30000,0.00000
606.40000,0.00000
606.50000,0.00000
606.60000,0.00000
606.70000,0.00000
606.80000,0.00000
606.90000,0.00000
607.00000,0.00000
607.10000,0.00000
607.20000,0.00000
607.30000,0.00000
607.40000,0.00000
607.50000,0.00000
607.60000,0.00000
607.70000,0.00000
607.80000,0.00000
607.90000,0.00000
608.00000,0.00000
608.10000,0.00000
608.20000,0.00000
608.30000,0.00000
608.40000,0.00000
608.50000,0.00000
608.60000,0.00000
608.70000,0.00000
608.80000,0.00000
608.90000,0.00000
609.00000,0.00000
609.10000,0.00000
609.20000,0.00000
609.30000,0.00000
609.40000,0.00000
609.50000,0.00000
609.60000,0.00000
609.70000,0.00000
609.80000,0.00000
609.90000,0.00000
610.00000,0.00000
610.10000,0.00000
610.20000,0.00000
610.30000,0.00000
610.40000,0.00000
610.50000,0.00000
610.60000,0.00000
610.70000,0.00000
610.80000,0.00000
610.90000,0.00000
611.00000,0.00000
611.10000,0.00000
611.20000,0.00000
611.30000,0.00000
611.40000,0.00000
611.50000,0.00000
611.60000,0.00000
611.70000,0.00000
611.80000,0.00000
611.90000,0.00000
612.00000,0.00000
612.10000,0.00000
612.20000,0.00000
612.30000,0.00000
612.40000,0.00000
612.50000,0.00000
612.60000,0.00000
612.70000,0.00000
612.80000,0.00000
612.90000,0.00000
613.00000,0.00000
613.10000,0.00000
613.20000,0.00000
613.30000,0.00000
613.40000,0.00000
613.50000,0.00000
613.60000,0.00000
613.70000,0.00000
613.80000,0.00000
613.90000,0.00000
614.00000,0.00000
614.10000,0.00000
614.20000,0.00000
614.30000,0.00000
614.40000,0.00000
614.50000,0.00000
614.60000,0.00000
614.70000,0.00000
614.80000,0.00000
614.90000,0.00000
615.00000,0.00000
615.10000,0.00001
615.20000,0.00001
615.30000,0.00002
615.40000,0.00003
615.50000,0.00002
615.60000,0.00001
615.70000,0.00001
615.80000,0.00000
615.90000,0.00000
616.00000,0.00000
616.10000,0.00000
616.20000,0.00000
616.30000,0.00000
616.40000,0.00000
616.50000,0.00000
616.60000,0.00000
616.70000,0.00000
616.80000,0.00000
616.90000,0.00000
617.00000,0.00000
617.10000,0.00000
617.20000,0.00000
617.30000,0.00000
617.40000,0.00000
617.50000,0.00000
617.60000,0.00000
617.70000,0.00000
617.80000,0.00000
617.90000,0.00000
618.00000,0.00000
618.10000,0.00001
618.20000,0.00001
618.30000,0.00002
618.40000,0.00003
618.50000,0.00003
618.60000,0.00004
618.70000,0.00003
618.80000,0.00002
618.90000,0.00001
619.00000,0.00001
619.10000,0.00001
619.20000,0.00001
619.30000,0.00001
619.40000,0.00000
619.50000,0.00000
619.60000,0.00000
619.70000,0.00000
619.80000,0.00000
619.90000,0.00000
620.00000,0.00000
620.10000,0.00001
620.20000,0.00001
620.30000,0.00002
620.40000,0.00003
620.50000,0.00017
620.60000,0.00030
620.70000,0.00018
620.80000,0.00005
620.90000,0.00003
621.00000,0.00001
621.10000,0.00001
621.20000,0.00000
621.30000,0.00000
621.40000,0.00000
621.50000,0.00000
621.60000,0.00000
621.70000,0.00000
621.80000,0.00000
621.90000,0.00000
622.00000,0.00000
622.10000,0.00000
622.20000,0.00000
622.30000,0.00000
622.40000,0.00000
622.50000,0.00000
622.60000,0.00000
622.70000,0.00000
622.80000,0.00000
622.90000,0.00000
623.00000,0.00000
623.10000,0.00000
623.20000,0.00000
623.30000,0.00000
623.40000,0.00000
623.50000,0.00000
623.60000,0.00000
623.70000,0.00000
623.80000,0.00000
623.90000,0.00000
624.00000,0.00000
624.10000,0.00000
624.20000,0.00000
624.30000,0.00000
624.40000,0.00000
624.50000,0.00000
624.60000,0.00000
624.70000,0.00000
624.80000,0.00000
624.90000,0.00000
625.00000,0.00000
625.10000,0.00000
625.20000,0.00000
625.30000,0.00000
625.40000,0.00000
625.50000,0.00000
625.60000,0.00000
625.70000,0.00000
625.80000,0.00000
625.90000,0.00001
626.00000,0.00001
626.10000,0.00001
626.20000,0.00001
626.30000,0.00001
626.40000,0.00001
626.50000,0.00001
626.60000,0.00000
626.70000,0.00000
626.80000,0.00000
626.90000,0.00000
627.00000,0.00000
627.10000,0.00000
627.20000,0.00000
627.30000,0.00000
627.40000,0.00000
627.50000,0.00000
627.60000,0.00000
627.70000,0.00001
627.80000,0.00001
627.90000,0.00002
628.00000,0.00002
628.10000,0.00012
628.20000,0.00022
628.30000,0.00013
628.40000,0.00003
628.50000,0.00002
628.60000,0.00000
628.70000,0.00000
628.80000,0.00000
628.90000,0.00000
629.00000,0.00000
629.10000,0.00000
629.20000,0.00000
629.30000,0.00000
629.40000,0.00000
629.50000,0.00000
629.60000,0.00000
629.70000,0.00000
629.80000,0.00000
629.90000,0.00000
630.00000,0.00000
630.10000,0.00000
630.20000,0.00000
630.30000,0.00000
630.40000,0.00000
630.50000,0.00000
630.60000,0.00000
630.70000,0.00000
630.80000,0.00000
630.90000,0.00000
631.00000,0.00000
631.10000,0.00000
631.20000,0.00000
631.30000,0.00000
631.40000,0.00000
631.50000,0.00000
631.60000,0.00000
631.70000,0.00000
631.80000,0.00000
631.90000,0.00000
632.00000,0.00000
632.10000,0.00000
632.20000,0.00000
632.30000,0.00000
632.40000,0.00000
632.50000,0.00000
632.60000,0.00000
632.70000,0.00000
632.80000,0.00000
632.90000,0.00000
633.00000,0.00000
633.10000,0.00000
633.20000,0.00000
633.30000,0.00000
633.40000,0.00000
633.50000,0.00000
633.60000,0.00000
633.70000,0.00000
633.80000,0.00000
633.90000,0.00000
634.00000,0.00000
634.10000,0.00000
634.20000,0.00000
634.30000,0.00000
634.40000,0.00000
634.50000,0.00000
634.60000,0.00000
634.70000,0.00001
634.80000,0.00001
634.90000,0.00001
635.00000,0.00002
635.10000,0.00002
635.20000,0.00002
635.30000,0.00002
635.40000,0.00001
635.50000,0.00001
635.60000,0.00001
635.70000,0.00001
635.80000,0.00001
635.90000,0.00001
636.00000,0.00000
636.10000,0.00000
636.20000,0.00000
636.30000,0.00001
636.40000,0.00001
636.50000,0.00001
636.60000,0.00001
636.70000,0.00001
636.80000,0.00001
636.90000,0.00002
637.00000,0.00002
637.10000,0.00002
637.20000,0.00003
637.30000,0.00002
637.40000,0.00002
637.50000,0.00001
637.60000,0.00001
637.70000,0.00001
637.80000,0.00000
637.90000,0.00000
638.00000,0.00000
638.10000,0.00000
638.20000,0.00000
638.30000,0.00000
638.40000,0.00000
638.50000,0.00000
638.60000,0.00000
638.70000,0.00000
638.80000,0.00000
638.90000,0.00000
639.00000,0.00000
639.10000,0.00000
639.20000,0.00000
639.30000,0.00000
639.40000,0.00000
639.50000,0.00000
639.60000,0.00000
639.70000,0.00000
639.80000,0.00000
639.90000,0.00000
640.00000,0.00000
640.10000,0.00000
640.20000,0.00000
640.30000,0.00000
640.40000,0.00000
640.50000,0.00000
640.60000,0.00000
640.70000,0.00000
640.80000,0.00000
640.90000,0.00000
641.00000,0.00000
641.10000,0.00000
641.20000,0.00000
641.30000,0.00000
641.40000,0.00000
641.50000,0.00000
641.60000,0.00000
641.70000,0.00000
641.80000,0.00000
641.90000,0.00000
642.00000,0.00000
642.10000,0.00000
642.20000,0.00000
642.30000,0.00000
642.40000,0.00000
642.50000,0.00000
642.60000,0.00000
642.70000,0.00000
642.80000,0.00000
642.90000,0.00000
643.00000,0.00000
643.10000,0.00000
643.20000,0.00000
643.30000,0.00000
643.40000,0.00000
643.50000,0.00001
643.60000,0.00001
643.70000,0.00002
643.80000,0.00002
643.90000,0.00004
644.00000,0.00007
644.10000,0.00008
644.20000,0.00009
644.30000,0.00006
644.40000,0.00004
644.50000,0.00003
644.60000,0.00002
644.70000,0.00001
644.80000,0.00001
644.90000,0.00001
645.00000,0.00001
645.10000,0.00001
645.20000,0.00000
645.30000,0.00000
645.40000,0.00000
645.50000,0.00000
645.60000,0.00000
645.70000,0.00000
645.80000,0.00000
645.90000,0.00000
646.00000,0.00000
646.10000,0.00000
646.20000,0.00000
646.30000,0.00000
646.40000,0.00000
646.50000,0.00000
646.60000,0.00000
646.70000,0.00000
646.80000,0.00000
646.90000,0.00001
647.00000,0.00001
647.10000,0.00001
647.20000,0.00001
647.30000,0.00001
647.40000,0.00001
647.50000,0.00002
647.60000,0.00002
647.70000,0.00002
647.80000,0.00002
647.90000,0.00002
648.00000,0.00002
648.10000,0.00002
648.20000,0.00002
648.30000,0.00002
648.40000,0.00001
648.50000,0.00001
648.60000,0.00001
648.70000,0.00001
648.80000,0.00001
648.90000,0.00001
649.00000,0.00000
649.10000,0.00000
649.20000,0.00000
649.30000,0.00000
649.40000,0.00000
649.50000,0.00000
649.60000,0.00000
649.70000,0.00000
649.80000,0.00000
649.90000,0.00000
650.00000,0.00000
650.10000,0.00000
650.20000,0.00000
650.30000,0.00000
650.40000,0.00000
650.50000,0.00000
650.60000,0.00000
650.70000,0.00000
650.80000,0.00000
650.90000,0.00000
651.00000,0.00000
651.10000,0.00000
651.20000,0.00000
651.30000,0.00000
651.40000,0.00000
651.50000,0.00000
651.60000,0.00000
651.70000,0.00000
651.80000,0.00000
651.90000,0.00000
652.00000,0.00000
652.10000,0.00000
652.20000,0.00000
652.30000,0.00000
652.40000,0.00000
652.50000,0.00000
652.60000,0.00000
652.70000,0.00000
652.80000,0.00000
652.90000,0.00001
653.00000,0.00001
653.10000,0.00001
653.20000,0.00001
653.30000,0.00001
653.40000,0.00001
653.50000,0.00002
653.60000,0.00002
653.70000,0.00004
653.80000,0.00005
653.90000,0.00010
654.00000,0.00014
654.10000,0.00020
654.20000,0.00025
654.30000,0.00017
654.40000,0.00008
654.50000,0.00005
654.60000,0.00003
654.70000,0.00002
654.80000,0.00002
654.90000,0.00001
655.00000,0.00001
655.10000,0.00001
655.20000,0.00001
655.30000,0.00001
655.40000,0.00000
655.50000,0.00000
655.60000,0.00000
655.70000,0.00000
655.80000,0.00000
655.90000,0.00000
656.00000,0.00000
656.10000,0.00000
656.20000,0.00000
656.30000,0.00000
656.40000,0.00000
656.50000,0.00000
656.60000,0.00000
656.70000,0.00000
656.80000,0.00000
656.90000,0.00000
657.00000,0.00000
657.10000,0.00000
657.20000,0.00000
657.30000,0.00000
657.40000,0.00000
657.50000,0.00000
657.60000,0.00000
657.70000,0.00000
657.80000,0.00000
657.90000,0.00000
658.00000,0.00000
658.10000,0.00000
658.20000,0.00000
658.30000,0.00000
658.40000,0.00000
658.50000,0.00000
658.60000,0.00000
658.70000,0.00000
658.80000,0.00000
658.90000,0.00000
659.00000,0.00000
659.10000,0.00000
659.20000,0.00000
659.30000,0.00001
659.40000,0.00001
659.50000,0.00001
659.60000,0.00001
659.70000,0.00001
659.80000,0.00001
659.90000,0.00001
660.00000,0.00001
660.10000,0.00001
660.20000,0.00001
660.30000,0.00001
660.40000,0.00001
660.50000,0.00001
660.60000,0.00000
660.70000,0.00000
660.80000,0.00000
660.90000,0.00000
661.00000,0.00000
661.10000,0.00000
661.20000,0.00000
661.30000,0.00000
661.40000,0.00000
661.50000,0.00000
661.60000,0.00000
661.70000,0.00000
661.80000,0.00000
661.90000,0.00000
662.00000,0.00000
662.10000,0.00000
662.20000,0.00000
662.30000,0.00000
662.40000,0.00000
662.50000,0.00000
662.60000,0.00000
662.70000,0.00000
662.80000,0.00000
662.90000,0.00000
663.00000,0.00000
663.10000,0.00000
663.20000,0.00000
663.30000,0.00001
663.40000,0.00001
663.50000,0.00001
663.60000,0.00001
663.70000,0.00001
663.80000,0.00001
663.90000,0.00002
664.00000,0.00002
664.10000,0.00003
664.20000,0.00003
664.30000,0.00004
664.40000,0.00005
664.50000,0.00005
664.60000,0.00006
664.70000,0.00005
664.80000,0.00004
664.90000,0.00003
665.00000,0.00002
665.10000,0.00002
665.20000,0.00002
665.30000,0.00001
665.40000,0.00001
665.50000,0.00001
665.60000,0.00001
665.70000,0.00001
665.80000,0.00000
665.90000,0.00000
666.00000,0.00000
666.10000,0.00000
666.20000,0.00000
666.30000,0.00000
666.40000,0.00000
666.50000,0.00000
666.60000,0.00000
666.70000,0.00000
666.80000,0.00000
666.90000,0.00000
667.00000,0.00000
667.10000,0.00000
667.20000,0.00000
667.30000,0.00000
667.40000,0.00000
667.50000,0.00000
667.60000,0.00000
667.70000,0.00000
667.80000,0.00000
667.90000,0.00000
668.00000,0.00000
668.10000,0.00000
668.20000,0.00000
668.30000,0.00000
668.40000,0.00000
668.50000,0.00000
668.60000,0.00000
668.70000,0.00000
668.80000,0.00000
668.90000,0.00000
669.00000,0.00000
669.10000,0.00000
669.20000,0.00000
669.30000,0.00001
669.40000,0.00001
669.50000,0.00001
669.60000,0.00001
669.70000,0.00001
669.80000,0.00001
669.90000,0.00001
670.00000,0.00001
670.10000,0.00001
670.20000,0.00002
670.30000,0.00002
670.40000,0.00002
670.50000,0.00002
670.60000,0.00002
670.70000,0.00002
670.80000,0.00002
670.90000,0.00002
671.00000,0.00002
671.10000,0.00002
671.20000,0.00002
671.30000,0.00002
671.40000,0.00002
671.50000,0.00001
671.60000,0.00001
671.70000,0.00001
671.80000,0.00001
671.90000,0.00001
672.00000,0.00001
672.10000,0.00001
672.20000,0.00001
672.30000,0.00001
672.40000,0.00001
672.50000,0.00001
672.60000,0.00001
672.70000,0.00001
672.80000,0.00001
672.90000,0.00001
673.00000,0.00001
673.10000,0.00001
673.20000,0.00001
673.30000,0.00001
673.40000,0.00001
673.50000,0.00001
673.60000,0.00002
673.70000,0.00002
673.80000,0.00002
673.90000,0.00002
674.00000,0.00002
674.10000,0.00002
674.20000,0.00002
674.30000,0.00002
674.40000,0.00002
674.50000,0.00002
674.60000,0.00003
674.70000,0.00003
674.80000,0.00003
674.90000,0.00003
675.00000,0.00003
675.10000,0.00002
675.20000,0.00002
675.30000,0.00002
675.40000,0.00002
675.50000,0.00002
675.60000,0.00002
675.70000,0.00002
675.80000,0.00002
675.90000,0.00002
676.00000,0.00002
676.10000,0.00001
676.20000,0.00001
676.30000,0.00001
676.40000,0.00001
676.50000,0.00001
676.60000,0.00001
676.70000,0.00001
676.80000,0.00001
676.90000,0.00001
677.00000,0.00001
677.10000,0.00001
677.20000,0.00001
677.30000,0.00001
677.40000,0.00001
677.50000,0.00001
677.60000,0.00001
677.70000,0.00001
677.80000,0.00001
677.90000,0.00001
678.00000,0.00001
678.10000,0.00001
678.20000,0.00001
678.30000,0.00001
678.40000,0.00001
678.50000,0.00001
678.60000,0.00001
678.70000,0.00001
678.80000,0.00001
678.90000,0.00001
679.00000,0.00001
679.10000,0.00001
679.20000,0.00001
679.30000,0.00001
679.40000,0.00001
679.50000,0.00001
679.60000,0.00001
679.70000,0.00001
679.80000,0.00001
679.90000,0.00001
680.00000,0.00001
680.10000,0.00001
680.20000,0.00000
680.30000,0.00000
680.40000,0.00000
680.50000,0.00000
680.60000,0.00000
680.70000,0.00000
680.80000,0.00000
680.90000,0.00000
681.00000,0.00000
681.10000,0.00000
681.20000,0.00000
681.30000,0.00000
681.40000,0.00000
681.50000,0.00000
681.60000,0.00000
681.70000,0.00000
681.80000,0.00000
681.90000,0.00000
682.00000,0.00000
682.10000,0.00001
682.20000,0.00001
682.30000,0.00001
682.40000,0.00001
682.50000,0.00001
682.60000,0.00001
682.70000,0.00001
682.80000,0.00002
682.90000,0.00003
683.00000,0.00004
683.10000,0.00008
683.20000,0.00012
683.30000,0.00011
683.40000,0.00009
683.50000,0.00006
683.60000,0.00003
683.70000,0.00002
683.80000,0.00001
683.90000,0.00001
684.00000,0.00000
684.10000,0.00000
684.20000,0.00000
684.30000,0.00000
684.40000,0.00000
684.50000,0.00000
684.60000,0.00000
684.70000,0.00000
684.80000,0.00000
684.90000,0.00000
685.00000,0.00000
685.10000,0.00000
685.20000,0.00000
685.30000,0.00000
685.40000,0.00000
685.50000,0.00000
685.60000,0.00000
685.70000,0.00000
685.80000,0.00000
685.90000,0.00000
686.00000,0.00000
686.10000,0.00000
686.20000,0.00000
686.30000,0.00000
686.40000,0.00000
686.50000,0.00000
686.60000,0.00000
686.70000,0.00000
686.80000,0.00000
686.90000,0.00000
687.00000,0.00000
687.10000,0.00000
687.20000,0.00000
687.30000,0.00000
687.40000,0.00000
687.50000,0.00000
687.60000,0.00000
687.70000,0.00000
687.80000,0.00000
687.90000,0.00000
688.00000,0.00000
688.10000,0.00000
688.20000,0.00000
688.30000,0.00000
688.40000,0.00000
688.50000,0.00000
688.60000,0.00000
688.70000,0.00000
688.80000,0.00000
688.90000,0.00000
689.00000,0.00000
689.10000,0.00000
689.20000,0.00000
689.30000,0.00000
689.40000,0.00000
689.50000,0.00000
689.60000,0.00000
689.70000,0.00000
689.80000,0.00000
689.90000,0.00000
690.00000,0.00000
690.10000,0.00000
690.20000,0.00000
690.30000,0.00000
690.40000,0.00000
690.50000,0.00000
690.60000,0.00000
690.70000,0.00000
690.80000,0.00000
690.90000,0.00000
691.00000,0.00000
691.10000,0.00000
691.20000,0.00000
691.30000,0.00000
691.40000,0.00000
691.50000,0.00000
691.60000,0.00000
691.70000,0.00001
691.80000,0.00001
691.90000,0.00003
692.00000,0.00004
692.10000,0.00004
692.20000,0.00005
692.30000,0.00003
692.40000,0.00001
692.50000,0.00000
692.60000,0.00000
692.70000,0.00000
692.80000,0.00000
692.90000,0.00000
693.00000,0.00000
693.10000,0.00000
693.20000,0.00000
693.30000,0.00000
693.40000,0.00000
693.50000,0.00000
693.60000,0.00000
693.70000,0.00000
693.80000,0.00000
693.90000,0.00000
694.00000,0.00000
694.10000,0.00000
694.20000,0.00000
694.30000,0.00000
694.40000,0.00000
694.50000,0.00000
694.60000,0.00000
694.70000,0.00000
694.80000,0.00000
694.90000,0.00000
695.00000,0.00000
695.10000,0.00000
695.20000,0.00000
695.30000,0.00000
695.40000,0.00000
695.50000,0.00000
695.60000,0.00000
695.70000,0.00000
695.80000,0.00000
695.90000,0.00000
696.00000,0.00000
696.10000,0.00000
696.20000,0.00000
696.30000,0.00000
696.40000,0.00000
696.50000,0.00000
696.60000,0.00000
696.70000,0.00000
696.80000,0.00000
696.90000,0.00000
697.00000,0.00000
697.10000,0.00000
697.20000,0.00000
697.30000,0.00000
697.40000,0.00000
697.50000,0.00000
697.60000,0.00000
697.70000,0.00000
697.80000,0.00000
697.90000,0.00000
698.00000,0.00000
698.10000,0.00000
698.20000,0.00000
698.30000,0.00000
698.40000,0.00000
698.50000,0.00000
698.60000,0.00000
698.70000,0.00000
698.80000,0.00000
698.90000,0.00000
699.00000,0.00000
699.10000,0.00000
699.20000,0.00001
699.30000,0.00002
699.40000,0.00004
699.50000,0.00029
699.60000,0.00054
699.70000,0.00029
699.80000,0.00002
699.90000,0.00001
700.00000,0.00001
700.10000,0.00000
700.20000,0.00000
700.30000,0.00000
700.40000,0.00000
700.50000,0.00000
700.60000,0.00000
700.70000,0.00000
700.80000,0.00000
700.90000,0.00000
701.00000,0.00000
701.10000,0.00000
701.20000,0.00000
701.30000,0.00000
701.40000,0.00000
701.50000,0.00000
701.60000,0.00000
701.70000,0.00000
701.80000,0.00000
701.90000,0.00000
702.00000,0.00000
702.10000,0.00000
702.20000,0.00000
702.30000,0.00000
702.40000,0.00000
702.50000,0.00000
702.60000,0.00000
702.70000,0.00000
702.80000,0.00000
702.90000,0.00000
703.00000,0.00000
703.10000,0.00000
703.20000,0.00000
703.30000,0.00000
703.40000,0.00000
703.50000,0.00000
703.60000,0.00000
703.70000,0.00000
703.80000,0.00000
703.90000,0.00000
704.00000,0.00000
704.10000,0.00000
704.20000,0.00000
704.30000,0.00000
704.40000,0.00000
704.50000,0.00000
704.60000,0.00000
704.70000,0.00000
704.80000,0.00000
704.90000,0.00000
705.00000,0.00000
705.10000,0.00000
705.20000,0.00001
705.30000,0.00001
705.40000,0.00001
705.50000,0.00001
705.60000,0.00001
705.70000,0.00002
705.80000,0.00002
705.90000,0.00003
706.00000,0.00004
706.10000,0.00004
706.20000,0.00004
706.30000,0.00004
706.40000,0.00004
706.50000,0.00003
706.60000,0.00002
706.70000,0.00002
706.80000,0.00002
706.90000,0.00002
707.00000,0.00002
707.10000,0.00001
707.20000,0.00001
707.30000,0.00001
707.40000,0.00001
707.50000,0.00001
707.60000,0.00001
707.70000,0.00001
707.80000,0.00001
707.90000,0.00001
708.00000,0.00001
708.10000,0.00001
708.20000,0.00001
708.30000,0.00001
708.40000,0.00001
708.50000,0.00001
708.60000,0.00001
708.70000,0.00001
708.80000,0.00001
708.90000,0.00002
709.00000,0.00002
709.10000,0.00002
709.20000,0.00002
709.30000,0.00002
709.40000,0.00002
709.50000,0.00002
709.60000,0.00002
709.70000,0.00002
709.80000,0.00001
709.90000,0.00001
710.00000,0.00001
710.10000,0.00001
710.20000,0.00001
710.30000,0.00001
710.40000,0.00001
710.50000,0.00000
710.60000,0.00000
710.70000,0.00000
710.80000,0.00000
710.90000,0.00000
711.00000,0.00000
711.10000,0.00000
711.20000,0.00000
711.30000,0.00000
711.40000,0.00000
711.50000,0.00000
711.60000,0.00000
711.70000,0.00000
711.80000,0.00000
711.90000,0.00000
712.00000,0.00000
712.10000,0.00000
712.20000,0.00000
712.30000,0.00000
712.40000,0.00000
712.50000,0.00000
712.60000,0.00000
712.70000,0.00000
712.80000,0.00000
712.90000,0.00000
713.00000,0.00000
713.10000,0.00000
713.20000,0.00000
713.30000,0.00000
713.40000,0.00000
713.50000,0.00000
713.60000,0.00000
713.70000,0.00000
713.80000,0.00000
713.90000,0.00000
714.00000,0.00000
714.10000,0.00000
714.20000,0.00000
714.30000,0.00000
714.40000,0.00000
714.50000,0.00000
714.60000,0.00000
714.70000,0.00000
714.80000,0.00000
714.90000,0.00000
715.00000,0.00000
715.10000,0.00000
715.20000,0.00000
715.30000,0.00000
715.40000,0.00000
715.50000,0.00000
715.60000,0.00000
715.70000,0.00000
715.80000,0.00000
715.90000,0.00000
716.00000,0.00000
716.10000,0.00000
716.20000,0.00000
716.30000,0.00000
716.40000,0.00000
716.50000,0.00000
716.60000,0.00000
716.70000,0.00000
716.80000,0.00001
716.90000,0.00001
717.00000,0.00001
717.10000,0.00001
717.20000,0.00001
717.30000,0.00001
717.40000,0.00001
717.50000,0.00001
717.60000,0.00001
717.70000,0.00002
717.80000,0.00002
717.90000,0.00002
718.00000,0.00003
718.10000,0.00004
718.20000,0.00004
718.30000,0.00005
718.40000,0.00006
718.50000,0.00007
718.60000,0.00007
718.70000,0.00007
718.80000,0.00007
718.90000,0.00006
719.00000,0.00006
719.10000,0.00005
719.20000,0.00005
719.30000,0.00004
719.40000,0.00003
719.50000,0.00003
719.60000,0.00002
719.70000,0.00002
719.80000,0.00002
719.90000,0.00002
720.00000,0.00002
720.10000,0.00002
720.20000,0.00002
720.30000,0.00001
720.40000,0.00001
720.50000,0.00001
720.60000,0.00001
720.70000,0.00001
720.80000,0.00001
720.90000,0.00001
721.00000,0.00001
721.10000,0.00001
721.20000,0.00001
721.30000,0.00001
721.40000,0.00001
721.50000,0.00001
721.60000,0.00001
721.70000,0.00001
721.80000,0.00001
721.90000,0.00001
722.00000,0.00001
722.10000,0.00001
722.20000,0.00001
722.30000,0.00001
722.40000,0.00001
722.50000,0.00001
722.60000,0.00001
722.70000,0.00001
722.80000,0.00001
722.90000,0.00001
723.00000,0.00001
723.10000,0.00001
723.20000,0.00001
723.30000,0.00001
723.40000,0.00001
723.50000,0.00001
723.60000,0.00001
723.70000,0.00001
723.80000,0.00001
723.90000,0.00001
724.00000,0.00001
724.10000,0.00001
724.20000,0.00001
724.30000,0.00001
724.40000,0.00001
724.50000,0.00001
724.60000,0.00001
724.70000,0.00001
724.80000,0.00001
724.90000,0.00001
725.00000,0.00001
725.10000,0.00001
725.20000,0.00001
725.30000,0.00001
725.40000,0.00001
725.50000,0.00001
725.60000,0.00001
725.70000,0.00001
725.80000,0.00001
725.90000,0.00001
726.00000,0.00001
726.10000,0.00001
726.20000,0.00001
726.30000,0.00000
726.40000,0.00000
726.50000,0.00000
726.60000,0.00001
726.70000,0.00000
726.80000,0.00000
726.90000,0.00000
727.00000,0.00000
727.10000,0.00000
727.20000,0.00000
727.30000,0.00000
727.40000,0.00000
727.50000,0.00000
727.60000,0.00000
727.70000,0.00000
727.80000,0.00000
727.90000,0.00000
728.00000,0.00000
728.10000,0.00000
728.20000,0.00000
728.30000,0.00000
728.40000,0.00000
728.50000,0.00000
728.60000,0.00000
728.70000,0.00000
728.80000,0.00000
728.90000,0.00000
729.00000,0.00000
729.10000,0.00000
729.20000,0.00000
729.30000,0.00000
729.40000,0.00000
729.50000,0.00000
729.60000,0.00000
729.70000,0.00000
729.80000,0.00000
729.90000,0.00000
730.00000,0.00000
730.10000,0.00000
730.20000,0.00000
730.30000,0.00000
730.40000,0.00000
730.50000,0.00000
730.60000,0.00000
730.70000,0.00001
730.80000,0.00001
730.90000,0.00001
731.00000,0.00001
731.10000,0.00001
731.20000,0.00001
731.30000,0.00001
731.40000,0.00002
731.50000,0.00002
731.60000,0.00002
731.70000,0.00003
731.80000,0.00003
731.90000,0.00003
732.00000,0.00003
732.10000,0.00003
732.20000,0.00003
732.30000,0.00002
732.40000,0.00002
732.50000,0.00002
732.60000,0.00001
732.70000,0.00001
732.80000,0.00001
732.90000,0.00001
733.00000,0.00001
733.10000,0.00001
733.20000,0.00000
733.30000,0.00000
733.40000,0.00000
733.50000,0.00000
733.60000,0.00000
733.70000,0.00000
733.80000,0.00000
733.90000,0.00000
734.00000,0.00000
734.10000,0.00000
734.20000,0.00000
734.30000,0.00000
734.40000,0.00000
734.50000,0.00000
734.60000,0.00000
734.70000,0.00000
734.80000,0.00000
734.90000,0.00000
735.00000,0.00000
735.10000,0.00000
735.20000,0.00000
735.30000,0.00000
735.40000,0.00000
735.50000,0.00000
735.60000,0.00000
735.70000,0.00000
735.80000,0.00000
735.90000,0.00000
736.00000,0.00000
736.10000,0.00000
736.20000,0.00000
736.30000,0.00000
736.40000,0.00000
736.50000,0.00000
736.60000,0.00000
736.70000,0.00000
736.80000,0.00000
736.90000,0.00000
737.00000,0.00000
737.10000,0.00000
737.20000,0.00000
737.30000,0.00000
737.40000,0.00000
737.50000,0.00000
737.60000,0.00000
737.70000,0.00000
737.80000,0.00000
737.90000,0.00000
738.00000,0.00000
738.10000,0.00000
738.20000,0.00000
738.30000,0.00000
738.40000,0.00000
738.50000,0.00000
738.60000,0.00000
738.70000,0.00000
738.80000,0.00000
738.90000,0.00001
739.00000,0.00001
739.10000,0.00001
739.20000,0.00001
739.30000,0.00001
739.40000,0.00001
739.50000,0.00001
739.60000,0.00001
739.70000,0.00001
739.80000,0.00001
739.90000,0.00001
740.00000,0.00001
740.10000,0.00001
740.20000,0.00002
740.30000,0.00002
740.40000,0.00002
740.50000,0.00002
740.60000,0.00002
740.70000,0.00002
740.80000,0.00002
740.90000,0.00003
741.00000,0.00003
741.10000,0.00003
741.20000,0.00003
741.30000,0.00003
741.40000,0.00003
741.50000,0.00003
741.60000,0.00003
741.70000,0.00003
741.80000,0.00003
741.90000,0.00003
742.00000,0.00003
742.10000,0.00003
742.20000,0.00003
742.30000,0.00002
742.40000,0.00002
742.50000,0.00002
742.60000,0.00002
742.70000,0.00002
742.80000,0.00002
742.90000,0.00002
743.00000,0.00002
743.10000,0.00001
743.20000,0.00001
743.30000,0.00001
743.40000,0.00001
743.50000,0.00001
743.60000,0.00001
743.70000,0.00001
743.80000,0.00001
743.90000,0.00001
744.00000,0.00001
744.10000,0.00001
744.20000,0.00001
744.30000,0.00001
744.40000,0.00000
744.50000,0.00000
744.60000,0.00000
744.70000,0.00000
744.80000,0.00000
744.90000,0.00000
745.00000,0.00000
745.10000,0.00000
745.20000,0.00000
745.30000,0.00000
745.40000,0.00000
745.50000,0.00000
745.60000,0.00000
745.70000,0.00000
745.80000,0.00000
745.90000,0.00000
746.00000,0.00000
746.10000,0.00000
746.20000,0.00000
746.30000,0.00000
746.40000,0.00000
746.50000,0.00000
746.60000,0.00000
746.70000,0.00000
746.80000,0.00000
746.90000,0.00000
747.00000,0.00000
747.10000,0.00000
747.20000,0.00000
747.30000,0.00000
747.40000,0.00000
747.50000,0.00000
747.60000,0.00000
747.70000,0.00000
747.80000,0.00000
747.90000,0.00000
748.00000,0.00000
748.10000,0.00000
748.20000,0.00000
748.30000,0.00000
748.40000,0.00000
748.50000,0.00000
748.60000,0.00000
748.70000,0.00000
748.80000,0.00000
748.90000,0.00001
749.00000,0.00001
749.10000,0.00001
749.20000,0.00001
749.30000,0.00001
749.40000,0.00001
749.50000,0.00001
749.60000,0.00001
749.70000,0.00001
749.80000,0.00001
749.90000,0.00001
750.00000,0.00001
750.10000,0.00001
750.20000,0.00001
750.30000,0.00001
750.40000,0.00001
750.50000,0.00001
750.60000,0.00001
750.70000,0.00001
750.80000,0.00001
750.90000,0.00001
751.00000,0.00001
751.10000,0.00001
751.20000,0.00001
751.30000,0.00001
751.40000,0.00001
751.50000,0.00001
751.60000,0.00000
751.70000,0.00000
751.80000,0.00000
751.90000,0.00000
752.00000,0.00000
752.10000,0.00000
752.20000,0.00000
752.30000,0.00000
752.40000,0.00000
752.50000,0.00000
752.60000,0.00000
752.70000,0.00000
752.80000,0.00000
752.90000,0.00000
753.00000,0.00000
753.10000,0.00000
753.20000,0.00000
753.30000,0.00000
753.40000,0.00000
753.50000,0.00000
753.60000,0.00000
753.70000,0.00000
753.80000,0.00000
753.90000,0.00000
754.00000,0.00000
754.10000,0.00000
754.20000,0.00000
754.30000,0.00000
754.40000,0.00000
754.50000,0.00000
754.60000,0.00000
754.70000,0.00000
754.80000,0.00000
754.90000,0.00000
755.00000,0.00000
755.10000,0.00000
755.20000,0.00000
755.30000,0.00000
755.40000,0.00000
755.50000,0.00000
755.60000,0.00000
755.70000,0.00000
755.80000,0.00000
755.90000,0.00000
756.00000,0.00000
756.10000,0.00000
756.20000,0.00000
756.30000,0.00000
756.40000,0.00000
756.50000,0.00000
756.60000,0.00000
756.70000,0.00000
756.80000,0.00000
756.90000,0.00000
757.00000,0.00000
757.10000,0.00000
757.20000,0.00000
757.30000,0.00000
757.40000,0.00000
757.50000,0.00000
757.60000,0.00000
757.70000,0.00000
757.80000,0.00000
757.90000,0.00000
758.00000,0.00000
758.10000,0.00000
758.20000,0.00000
758.30000,0.00000
758.40000,0.00000
758.50000,0.00000
758.60000,0.00000
758.70000,0.00000
758.80000,0.00000
758.90000,0.00000
759.00000,0.00000
759.10000,0.00000
759.20000,0.00000
759.30000,0.00000
759.40000,0.00000
759.50000,0.00000
759.60000,0.00000
759.70000,0.00000
759.80000,0.00000
759.90000,0.00000
760.00000,0.00000
760.10000,0.00000
760.20000,0.00000
760.30000,0.00000
760.40000,0.00000
760.50000,0.00000
760.60000,0.00000
760.70000,0.00000
760.80000,0.00000
760.90000,0.00000
761.00000,0.00000
761.10000,0.00000
761.20000,0.00000
761.30000,0.00000
761.40000,0.00000
761.50000,0.00000
761.60000,0.00000
761.70000,0.00000
761.80000,0.00000
761.90000,0.00001
762.00000,0.00001
762.10000,0.00001
762.20000,0.00001
762.30000,0.00000
762.40000,0.00000
762.50000,0.00000
762.60000,0.00000
762.70000,0.00000
762.80000,0.00000
762.90000,0.00000
763.00000,0.00000
763.10000,0.00000
763.20000,0.00000
763.30000,0.00000
763.40000,0.00000
763.50000,0.00000
763.60000,0.00000
763.70000,0.00000
763.80000,0.00000
763.90000,0.00000
764.00000,0.00000
764.10000,0.00000
764.20000,0.00000
764.30000,0.00000
764.40000,0.00000
764.50000,0.00000
764.60000,0.00000
764.70000,0.00000
764.80000,0.00000
764.90000,0.00001
765.00000,0.00001
765.10000,0.00000
765.20000,0.00000
765.30000,0.00000
765.40000,0.00001
765.50000,0.00001
765.60000,0.00000
765.70000,0.00000
765.80000,0.00000
765.90000,0.00001
766.00000,0.00001
766.10000,0.00000
766.20000,0.00000
766.30000,0.00000
766.40000,0.00001
766.50000,0.00001
766.60000,0.00001
766.70000,0.00000
766.80000,0.00000
766.90000,0.00001
767.00000,0.00001
767.10000,0.00001
767.20000,0.00001
767.30000,0.00000
767.40000,0.00000
767.50000,0.00001
767.60000,0.00001
767.70000,0.00001
767.80000,0.00001
767.90000,0.00000
768.00000,0.00000
768.10000,0.00001
768.20000,0.00001
768.30000,0.00001
768.40000,0.00001
768.50000,0.00000
768.60000,0.00000
768.70000,0.00001
768.80000,0.00001
768.90000,0.00001
769.00000,0.00001
769.10000,0.00000
769.20000,0.00000
769.30000,0.00001
769.40000,0.00001
769.50000,0.00001
769.60000,0.00001
769.70000,0.00001
769.80000,0.00000
769.90000,0.00000
770.00000,0.00001
770.10000,0.00001
770.20000,0.00001
770.30000,0.00001
770.40000,0.00001
770.50000,0.00000
770.60000,0.00000
770.70000,0.00001
770.80000,0.00001
770.90000,0.00001
771.00000,0.00001
771.10000,0.00001
771.20000,0.00000
771.30000,0.00000
771.40000,0.00001
771.50000,0.00001
771.60000,0.00001
771.70000,0.00001
771.80000,0.00001
771.90000,0.00001
772.00000,0.00001
772.10000,0.00001
772.20000,0.00000
772.30000,0.00000
772.40000,0.00000
772.50000,0.00000
772.60000,0.00000
772.70000,0.00000
772.80000,0.00000
772.90000,0.00000
773.00000,0.00000
773.10000,0.00000
773.20000,0.00000
773.30000,0.00000
773.40000,0.00000
773.50000,0.00000
773.60000,0.00000
773.70000,0.00000
773.80000,0.00000
773.90000,0.00000
774.00000,0.00000
774.10000,0.00000
774.20000,0.00000
774.30000,0.00000
774.40000,0.00000
774.50000,0.00000
774.60000,0.00000
774.70000,0.00000
774.80000,0.00000
774.90000,0.00000
775.00000,0.00000
775.10000,0.00000
775.20000,0.00000
775.30000,0.00000
775.40000,0.00000
775.50000,0.00000
775.60000,0.00000
775.70000,0.00000
775.80000,0.00000
775.90000,0.00000
776.00000,0.00000
776.10000,0.00000
776.20000,0.00000
776.30000,0.00000
776.40000,0.00000
776.50000,0.00000
776.60000,0.00000
776.70000,0.00000
776.80000,0.00000
776.90000,0.00000
777.00000,0.00000
777.10000,0.00000
777.20000,0.00000
777.30000,0.00000
777.40000,0.00000
777.50000,0.00000
777.60000,0.00000
777.70000,0.00000
777.80000,0.00000
777.90000,0.00000
778.00000,0.00000
778.10000,0.00000
778.20000,0.00000
778.30000,0.00000
778.40000,0.00000
778.50000,0.00000
778.60000,0.00000
778.70000,0.00000
778.80000,0.00000
778.90000,0.00000
779.00000,0.00000
779.10000,0.00000
779.20000,0.00000
779.30000,0.00000
779.40000,0.00000
779.50000,0.00000
779.60000,0.00000
779.70000,0.00000
779.80000,0.00000
779.90000,0.00000
780.00000,0.00000
780.10000,0.00000
780.20000,0.00000
780.30000,0.00000
780.40000,0.00000
780.50000,0.00000
780.60000,0.00000
780.70000,0.00000
780.80000,0.00000
780.90000,0.00000
781.00000,0.00000
781.10000,0.00000
781.20000,0.00000
781.30000,0.00000
781.40000,0.00000
781.50000,0.00000
781.60000,0.00000
781.70000,0.00000
781.80000,0.00000
781.90000,0.00000
782.00000,0.00000
782.10000,0.00000
782.20000,0.00000
782.30000,0.00000
782.40000,0.00000
782.50000,0.00000
782.60000,0.00000
782.70000,0.00000
782.80000,0.00000
782.90000,0.00000
783.00000,0.00000
783.10000,0.00000
783.20000,0.00000
783.30000,0.00000
783.40000,0.00000
783.50000,0.00000
783.60000,0.00000
783.70000,0.00000
783.80000,0.00000
783.90000,0.00000
784.00000,0.00000
784.10000,0.00000
784.20000,0.00000
784.30000,0.00000
784.40000,0.00000
784.50000,0.00000
784.60000,0.00000
784.70000,0.00000
784.80000,0.00000
784.90000,0.00000
785.00000,0.00000
785.10000,0.00000
785.20000,0.00000
785.30000,0.00000
785.40000,0.00000
785.50000,0.00000
785.60000,0.00000
785.70000,0.00000
785.80000,0.00000
785.90000,0.00000
786.00000,0.00000
786.10000,0.00000
786.20000,0.00000
786.30000,0.00000
786.40000,0.00000
786.50000,0.00000
786.60000,0.00000
786.70000,0.00000
786.80000,0.00000
786.90000,0.00000
787.00000,0.00000
787.10000,0.00000
787.20000,0.00000
787.30000,0.00000
787.40000,0.00000
787.50000,0.00000
787.60000,0.00000
787.70000,0.00000
787.80000,0.00000
787.90000,0.00000
788.00000,0.00000
788.10000,0.00000
788.20000,0.00000
788.30000,0.00000
788.40000,0.00000
788.50000,0.00000
788.60000,0.00000
788.70000,0.00000
788.80000,0.00000
788.90000,0.00000
789.00000,0.00000
789.10000,0.00000
789.20000,0.00000
789.30000,0.00000
789.40000,0.00000
789.50000,0.00000
789.60000,0.00000
789.70000,0.00000
789.80000,0.00000
789.90000,0.00000
790.00000,0.00000
790.10000,0.00000
790.20000,0.00001
790.30000,0.00001
790.40000,0.00001
790.50000,0.00001
790.60000,0.00001
790.70000,0.00001
790.80000,0.00001
790.90000,0.00001
791.00000,0.00001
791.10000,0.00001
791.20000,0.00001
791.30000,0.00001
791.40000,0.00001
791.50000,0.00001
791.60000,0.00001
791.70000,0.00001
791.80000,0.00001
791.90000,0.00001
792.00000,0.00001
792.10000,0.00001
792.20000,0.00001
792.30000,0.00001
792.40000,0.00001
792.50000,0.00001
792.60000,0.00001
792.70000,0.00001
792.80000,0.00001
792.90000,0.00001
793.00000,0.00001
793.10000,0.00001
793.20000,0.00001
793.30000,0.00001
793.40000,0.00001
793.50000,0.00001
793.60000,0.00001
793.70000,0.00001
793.80000,0.00001
793.90000,0.00001
794.00000,0.00001
794.10000,0.00001
794.20000,0.00001
794.30000,0.00000
794.40000,0.00000
794.50000,0.00000
794.60000,0.00000
794.70000,0.00000
794.80000,0.00000
794.90000,0.00000
795.00000,0.00000
795.10000,0.00000
795.20000,0.00000
795.30000,0.00000
795.40000,0.00000
795.50000,0.00000
795.60000,0.00000
795.70000,0.00000
795.80000,0.00000
795.90000,0.00000
796.00000,0.00000
796.10000,0.00000
796.20000,0.00000
796.30000,0.00000
796.40000,0.00000
796.50000,0.00000
796.60000,0.00000
796.70000,0.00000
796.80000,0.00000
796.90000,0.00000
797.00000,0.00000
797.10000,0.00000
797.20000,0.00000
797.30000,0.00000
797.40000,0.00000
797.50000,0.00000
797.60000,0.00000
797.70000,0.00000
797.80000,0.00000
797.90000,0.00000
798.00000,0.00000
798.10000,0.00000
798.20000,0.00000
798.30000,0.00000
798.40000,0.00000
798.50000,0.00000
798.60000,0.00000
798.70000,0.00000
798.80000,0.00000
798.90000,0.00000
799.00000,0.00000
799.10000,0.00000
799.20000,0.00000
799.30000,0.00000
799.40000,0.00000
799.50000,0.00000
799.60000,0.00000
799.70000,0.00000
799.80000,0.00000
799.90000,0.00000
800.00000,0.00000
800.10000,0.00000
800.20000,0.00000
800.30000,0.00000
800.40000,0.00001
800.50000,0.00001
800.60000,0.00001
800.70000,0.00001
800.80000,0.00001
800.90000,0.00001
801.00000,0.00000
801.10000,0.00001
801.20000,0.00001
801.30000,0.00000
801.40000,0.00001
801.50000,0.00000
801.60000,0.00000
801.70000,0.00001
801.80000,0.00001
801.90000,0.00001
802.00000,0.00001
802.10000,0.00001
802.20000,0.00001
802.30000,0.00001
802.40000,0.00001
802.50000,0.00001
802.60000,0.00001
802.70000,0.00001
802.80000,0.00000
802.90000,0.00000
803.00000,0.00000
803.10000,0.00000
803.20000,0.00000
803.30000,0.00000
803.40000,0.00000
803.50000,0.00000
803.60000,0.00000
803.70000,0.00000
803.80000,0.00000
803.90000,0.00000
804.00000,0.00000
804.10000,0.00000
804.20000,0.00000
804.30000,0.00000
804.40000,0.00000
804.50000,0.00000
804.60000,0.00000
804.70000,0.00000
804.80000,0.00000
804.90000,0.00000
805.00000,0.00000
805.10000,0.00000
805.20000,0.00000
805.30000,0.00000
805.40000,0.00000
805.50000,0.00000
805.60000,0.00000
805.70000,0.00001
805.80000,0.00001
805.90000,0.00001
806.00000,0.00001
806.10000,0.00001
806.20000,0.00001
806.30000,0.00001
806.40000,0.00001
806.50000,0.00001
806.60000,0.00001
806.70000,0.00001
806.80000,0.00001
806.90000,0.00001
807.00000,0.00001
807.10000,0.00001
807.20000,0.00001
807.30000,0.00001
807.40000,0.00001
807.50000,0.00001
807.60000,0.00001
807.70000,0.00001
807.80000,0.00001
807.90000,0.00001
808.00000,0.00001
808.10000,0.00001
808.20000,0.00001
808.30000,0.00001
808.40000,0.00001
808.50000,0.00001
808.60000,0.00001
808.70000,0.00001
808.80000,0.00001
808.90000,0.00001
809.00000,0.00001
809.10000,0.00001
809.20000,0.00001
809.30000,0.00001
809.40000,0.00001
809.50000,0.00001
809.60000,0.00001
809.70000,0.00001
809.80000,0.00001
809.90000,0.00001
810.00000,0.00001
810.10000,0.00001
810.20000,0.00001
810.30000,0.00001
810.40000,0.00000
810.50000,0.00000
810.60000,0.00000
810.70000,0.00000
810.80000,0.00000
810.90000,0.00000
811.00000,0.00000
811.10000,0.00000
811.20000,0.00000
811.30000,0.00000
811.40000,0.00000
811.50000,0.00000
811.60000,0.00000
811.70000,0.00000
811.80000,0.00000
811.90000,0.00000
812.00000,0.00000
812.10000,0.00000
812.20000,0.00000
812.30000,0.00000
812.40000,0.00000
812.50000,0.00000
812.60000,0.00000
812.70000,0.00000
812.80000,0.00000
812.90000,0.00000
813.00000,0.00000
813.10000,0.00000
813.20000,0.00000
813.30000,0.00000
813.40000,0.00000
813.50000,0.00000
813.60000,0.00000
813.70000,0.00000
813.80000,0.00000
813.90000,0.00000
814.00000,0.00000
814.10000,0.00000
814.20000,0.00000
814.30000,0.00000
814.40000,0.00000
814.50000,0.00000
814.60000,0.00000
814.70000,0.00000
814.80000,0.00000
814.90000,0.00000
815.00000,0.00000
815.10000,0.00000
815.20000,0.00000
815.30000,0.00000
815.40000,0.00000
815.50000,0.00000
815.60000,0.00000
815.70000,0.00000
815.80000,0.00000
815.90000,0.00000
816.00000,0.00000
816.10000,0.00000
816.20000,0.00000
816.30000,0.00000
816.40000,0.00000
816.50000,0.00000
816.60000,0.00000
816.70000,0.00000
816.80000,0.00000
816.90000,0.00000
817.00000,0.00000
817.10000,0.00000
817.20000,0.00000
817.30000,0.00000
817.40000,0.00000
817.50000,0.00000
817.60000,0.00000
817.70000,0.00000
817.80000,0.00000
817.90000,0.00000
818.00000,0.00000
818.10000,0.00000
818.20000,0.00000
818.30000,0.00000
818.40000,0.00000
818.50000,0.00000
818.60000,0.00000
818.70000,0.00000
818.80000,0.00000
818.90000,0.00000
819.00000,0.00000
819.10000,0.00000
819.20000,0.00000
819.30000,0.00000
819.40000,0.00000
819.50000,0.00000
819.60000,0.00000
819.70000,0.00000
819.80000,0.00000
819.90000,0.00000
820.00000,0.00000
820.10000,0.00000
820.20000,0.00000
820.30000,0.00000
820.40000,0.00000
820.50000,0.00000
820.60000,0.00000
820.70000,0.00000
820.80000,0.00000
820.90000,0.00000
821.00000,0.00000
821.10000,0.00000
821.20000,0.00000
821.30000,0.00000
821.40000,0.00000
821.50000,0.00000
821.60000,0.00000
821.70000,0.00000
821.80000,0.00000
821.90000,0.00000
822.00000,0.00000
822.10000,0.00000
822.20000,0.00000
822.30000,0.00000
822.40000,0.00000
822.50000,0.00000
822.60000,0.00000
822.70000,0.00000
822.80000,0.00000
822.90000,0.00000
823.00000,0.00000
823.10000,0.00000
823.20000,0.00000
823.30000,0.00000
823.40000,0.00000
823.50000,0.00000
823.60000,0.00000
823.70000,0.00000
823.80000,0.00000
823.90000,0.00000
824.00000,0.00000
824.10000,0.00000
824.20000,0.00000
824.30000,0.00001
824.40000,0.00001
824.50000,0.00001
824.60000,0.00001
824.70000,0.00001
824.80000,0.00001
824.90000,0.00001
825.00000,0.00001
825.10000,0.00001
825.20000,0.00001
825.30000,0.00001
825.40000,0.00001
825.50000,0.00001
825.60000,0.00001
825.70000,0.00001
825.80000,0.00001
825.90000,0.00001
826.00000,0.00001
826.10000,0.00001
826.20000,0.00000
826.30000,0.00000
826.40000,0.00000
826.50000,0.00000
826.60000,0.00000
826.70000,0.00000
826.80000,0.00000
826.90000,0.00000
827.00000,0.00000
827.10000,0.00000
827.20000,0.00000
827.30000,0.00000
827.40000,0.00000
827.50000,0.00000
827.60000,0.00000
827.70000,0.00000
827.80000,0.00000
827.90000,0.00000
828.00000,0.00000
828.10000,0.00000
828.20000,0.00000
828.30000,0.00000
828.40000,0.00000
828.50000,0.00000
828.60000,0.00000
828.70000,0.00000
828.80000,0.00000
828.90000,0.00000
829.00000,0.00000
829.10000,0.00000
829.20000,0.00000
829.30000,0.00000
829.40000,0.00000
829.50000,0.00000
829.60000,0.00000
829.70000,0.00000
829.80000,0.00000
829.90000,0.00000
830.00000,0.00000
830.10000,0.00000
830.20000,0.00000
830.30000,0.00000
830.40000,0.00000
830.50000,0.00000
830.60000,0.00000
830.70000,0.00000
830.80000,0.00000
830.90000,0.00000
831.00000,0.00000
831.10000,0.00000
831.20000,0.00000
831.30000,0.00000
831.40000,0.00000
831.50000,0.00000
831.60000,0.00000
831.70000,0.00000
831.80000,0.00000
831.90000,0.00000
832.00000,0.00000
832.10000,0.00000
832.20000,0.00000
832.30000,0.00000
832.40000,0.00000
832.50000,0.00000
832.60000,0.00000
832.70000,0.00000
832.80000,0.00000
832.90000,0.00000
833.00000,0.00000
833.10000,0.00000
833.20000,0.00000
833.30000,0.00000
833.40000,0.00000
833.50000,0.00000
833.60000,0.00000
833.70000,0.00000
833.80000,0.00000
833.90000,0.00000
834.00000,0.00000
834.10000,0.00000
834.20000,0.00000
834.30000,0.00000
834.40000,0.00000
834.50000,0.00000
834.60000,0.00000
834.70000,0.00000
834.80000,0.00000
834.90000,0.00000
835.00000,0.00000
835.10000,0.00000
835.20000,0.00000
835.30000,0.00000
835.40000,0.00000
835.50000,0.00000
835.60000,0.00000
835.70000,0.00000
835.80000,0.00000
835.90000,0.00000
836.00000,0.00000
836.10000,0.00000
836.20000,0.00000
836.30000,0.00000
836.40000,0.00000
836.50000,0.00000
836.60000,0.00000
836.70000,0.00000
836.80000,0.00000
836.90000,0.00000
837.00000,0.00000
837.10000,0.00000
837.20000,0.00000
837.30000,0.00000
837.40000,0.00000
837.50000,0.00000
837.60000,0.00000
837.70000,0.00000
837.80000,0.00000
837.90000,0.00000
838.00000,0.00000
838.10000,0.00000
838.20000,0.00000
838.30000,0.00000
838.40000,0.00000
838.50000,0.00000
838.60000,0.00000
838.70000,0.00000
838.80000,0.00000
838.90000,0.00000
839.00000,0.00000
839.10000,0.00000
839.20000,0.00000
839.30000,0.00000
839.40000,0.00000
839.50000,0.00000
839.60000,0.00000
839.70000,0.00000
839.80000,0.00000
839.90000,0.00000
840.00000,0.00000
840.10000,0.00000
840.20000,0.00000
840.30000,0.00001
840.40000,0.00001
840.50000,0.00001
840.60000,0.00001
840.70000,0.00001
840.80000,0.00001
840.90000,0.00001
841.00000,0.00001
841.10000,0.00002
841.20000,0.00002
841.30000,0.00002
841.40000,0.00002
841.50000,0.00002
841.60000,0.00002
841.70000,0.00002
841.80000,0.00002
841.90000,0.00002
842.00000,0.00002
842.10000,0.00001
842.20000,0.00001
842.30000,0.00001
842.40000,0.00001
842.50000,0.00001
842.60000,0.00001
842.70000,0.00000
842.80000,0.00000
842.90000,0.00000
843.00000,0.00000
843.10000,0.00000
843.20000,0.00000
843.30000,0.00000
843.40000,0.00000
843.50000,0.00000
843.60000,0.00000
843.70000,0.00000
843.80000,0.00000
843.90000,0.00000
844.00000,0.00000
844.10000,0.00000
844.20000,0.00000
844.30000,0.00000
844.40000,0.00000
844.50000,0.00000
844.60000,0.00000
844.70000,0.00000
844.80000,0.00000
844.90000,0.00000
845.00000,0.00000
845.10000,0.00000
845.20000,0.00000
845.30000,0.00000
845.40000,0.00000
845.50000,0.00000
845.60000,0.00000
845.70000,0.00000
845.80000,0.00000
845.90000,0.00000
846.00000,0.00000
846.10000,0.00000
846.20000,0.00000
846.30000,0.00000
846.40000,0.00000
846.50000,0.00000
846.60000,0.00000
846.70000,0.00000
846.80000,0.00000
846.90000,0.00000
847.00000,0.00000
847.10000,0.00000
847.20000,0.00000
847.30000,0.00000
847.40000,0.00000
847.50000,0.00000
847.60000,0.00000
847.70000,0.00000
847.80000,0.00000
847.90000,0.00000
848.00000,0.00000
848.10000,0.00000
848.20000,0.00000
848.30000,0.00000
848.40000,0.00000
848.50000,0.00000
848.60000,0.00000
848.70000,0.00000
848.80000,0.00000
848.90000,0.00000
849.00000,0.00000
849.10000,0.00000
849.20000,0.00000
849.30000,0.00000
849.40000,0.00000
849.50000,0.00000
849.60000,0.00000
849.70000,0.00000
849.80000,0.00000
849.90000,0.00000
850.00000,0.00000
850.10000,0.00000
850.20000,0.00000
850.30000,0.00000
850.40000,0.00000
850.50000,0.00000
850.60000,0.00000
850.70000,0.00000
850.80000,0.00000
850.90000,0.00000
851.00000,0.00000
851.10000,0.00000
851.20000,0.00000
851.30000,0.00000
851.40000,0.00000
851.50000,0.00000
851.60000,0.00000
851.70000,0.00000
851.80000,0.00000
851.90000,0.00000
852.00000,0.00000
852.10000,0.00000
852.20000,0.00000
852.30000,0.00000
852.40000,0.00000
852.50000,0.00000
852.60000,0.00000
852.70000,0.00000
852.80000,0.00000
852.90000,0.00000
853.00000,0.00000
853.10000,0.00000
853.20000,0.00000
853.30000,0.00000
853.40000,0.00000
853.50000,0.00000
853.60000,0.00000
853.70000,0.00000
853.80000,0.00000
853.90000,0.00000
854.00000,0.00000
854.10000,0.00000
854.20000,0.00000
854.30000,0.00000
854.40000,0.00000
854.50000,0.00000
854.60000,0.00000
854.70000,0.00000
854.80000,0.00000
854.90000,0.00000
855.00000,0.00000
855.10000,0.00000
855.20000,0.00000
855.30000,0.00000
855.40000,0.00000
855.50000,0.00000
855.60000,0.00000
855.70000,0.00000
855.80000,0.00000
855.90000,0.00000
856.00000,0.00000
856.10000,0.00000
856.20000,0.00000
856.30000,0.00000
856.40000,0.00000
856.50000,0.00000
856.60000,0.00000
856.70000,0.00000
856.80000,0.00000
856.90000,0.00000
857.00000,0.00000
857.10000,0.00000
857.20000,0.00000
857.30000,0.00000
857.40000,0.00000
857.50000,0.00000
857.60000,0.00000
857.70000,0.00000
857.80000,0.00000
857.90000,0.00000
858.00000,0.00000
858.10000,0.00000
858.20000,0.00000
858.30000,0.00000
858.40000,0.00000
858.50000,0.00000
858.60000,0.00000
858.70000,0.00000
858.80000,0.00000
858.90000,0.00000
859.00000,0.00000
859.10000,0.00000
859.20000,0.00000
859.30000,0.00000
859.40000,0.00000
859.50000,0.00000
859.60000,0.00000
859.70000,0.00000
859.80000,0.00000
859.90000,0.00000
860.00000,0.00000
860.10000,0.00000
860.20000,0.00000
860.30000,0.00000
860.40000,0.00000
860.50000,0.00000
860.60000,0.00000
860.70000,0.00000
860.80000,0.00000
860.90000,0.00000
861.00000,0.00000
861.10000,0.00000
861.20000,0.00000
861.30000,0.00000
861.40000,0.00000
861.50000,0.00000
861.60000,0.00000
861.70000,0.00000
861.80000,0.00000
861.90000,0.00000
862.00000,0.00000
862.10000,0.00000
862.20000,0.00000
862.30000,0.00000
862.40000,0.00000
862.50000,0.00000
862.60000,0.00000
862.70000,0.00000
862.80000,0.00000
862.90000,0.00000
863.00000,0.00000
863.10000,0.00000
863.20000,0.00000
863.30000,0.00000
863.40000,0.00000
863.50000,0.00000
863.60000,0.00000
863.70000,0.00000
863.80000,0.00000
863.90000,0.00000
864.00000,0.00000
864.10000,0.00000
864.20000,0.00000
864.30000,0.00000
864.40000,0.00000
864.50000,0.00000
864.60000,0.00000
864.70000,0.00000
864.80000,0.00000
864.90000,0.00000
865.00000,0.00000
865.10000,0.00000
865.20000,0.00000
865.30000,0.00000
865.40000,0.00000
865.50000,0.00000
865.60000,0.00000
865.70000,0.00000
865.80000,0.00000
865.90000,0.00000
866.00000,0.00000
866.10000,0.00000
866.20000,0.00000
866.30000,0.00000
866.40000,0.00000
866.50000,0.00000
866.60000,0.00000
866.70000,0.00000
866.80000,0.00000
866.90000,0.00000
867.00000,0.00000
867.10000,0.00000
867.20000,0.00000
867.30000,0.00000
867.40000,0.00000
867.50000,0.00000
867.60000,0.00000
867.70000,0.00000
867.80000,0.00000
867.90000,0.00000
868.00000,0.00000
868.10000,0.00000
868.20000,0.00000
868.30000,0.00000
868.40000,0.00000
868.50000,0.00000
868.60000,0.00000
868.70000,0.00000
868.80000,0.00000
868.90000,0.00000
869.00000,0.00000
869.10000,0.00000
869.20000,0.00000
869.30000,0.00000
869.40000,0.00000
869.50000,0.00000
869.60000,0.00000
869.70000,0.00000
869.80000,0.00000
869.90000,0.00000
870.00000,0.00000
870.10000,0.00000
870.20000,0.00000
870.30000,0.00000
870.40000,0.00000
870.50000,0.00000
870.60000,0.00000
870.70000,0.00000
870.80000,0.00000
870.90000,0.00000
871.00000,0.00000
871.10000,0.00000
871.20000,0.00000
871.30000,0.00000
871.40000,0.00000
871.50000,0.00000
871.60000,0.00000
871.70000,0.00000
871.80000,0.00000
871.90000,0.00000
872.00000,0.00000
872.10000,0.00000
872.20000,0.00000
872.30000,0.00000
872.40000,0.00000
872.50000,0.00000
872.60000,0.00000
872.70000,0.00000
872.80000,0.00000
872.90000,0.00000
873.00000,0.00000
873.10000,0.00000
873.20000,0.00000
873.30000,0.00000
873.40000,0.00000
873.50000,0.00000
873.60000,0.00000
873.70000,0.00000
873.80000,0.00000
873.90000,0.00000
874.00000,0.00000
874.10000,0.00000
874.20000,0.00000
874.30000,0.00000
874.40000,0.00000
874.50000,0.00000
874.60000,0.00000
874.70000,0.00000
874.80000,0.00000
874.90000,0.00000
875.00000,0.00000
875.10000,0.00000
875.20000,0.00000
875.30000,0.00000
875.40000,0.00000
875.50000,0.00000
875.60000,0.00000
875.70000,0.00000
875.80000,0.00000
875.90000,0.00000
876.00000,0.00000
876.10000,0.00000
876.20000,0.00000
876.30000,0.00000
876.40000,0.00000
876.50000,0.00000
876.60000,0.00000
876.70000,0.00000
876.80000,0.00000
876.90000,0.00000
877.00000,0.00000
877.10000,0.00000
877.20000,0.00000
877.30000,0.00000
877.40000,0.00000
877.50000,0.00000
877.60000,0.00000
877.70000,0.00000
877.80000,0.00000
877.90000,0.00000
878.00000,0.00000
878.10000,0.00000
878.20000,0.00000
878.30000,0.00000
878.40000,0.00000
878.50000,0.00000
878.60000,0.00000
878.70000,0.00000
878.80000,0.00000
878.90000,0.00000
879.00000,0.00000
879.10000,0.00000
879.20000,0.00000
879.30000,0.00000
879.40000,0.00000
879.50000,0.00000
879.60000,0.00000
879.70000,0.00000
879.80000,0.00000
879.90000,0.00000
880.00000,0.00000
880.10000,0.00000
880.20000,0.00000
880.30000,0.00000
880.40000,0.00000
880.50000,0.00000
880.60000,0.00000
880.70000,0.00000
880.80000,0.00000
880.90000,0.00000
881.00000,0.00000
881.10000,0.00000
881.20000,0.00000
881.30000,0.00000
881.40000,0.00000
881.50000,0.00000
881.60000,0.00000
881.70000,0.00000
881.80000,0.00000
881.90000,0.00000
882.00000,0.00000
882.10000,0.00000
882.20000,0.00000
882.30000,0.00000
882.40000,0.00000
882.50000,0.00000
882.60000,0.00000
882.70000,0.00000
882.80000,0.00000
882.90000,0.00000
883.00000,0.00000
883.10000,0.00000
883.20000,0.00000
883.30000,0.00000
883.40000,0.00000
883.50000,0.00000
883.60000,0.00000
883.70000,0.00000
883.80000,0.00000
883.90000,0.00000
884.00000,0.00000
884.10000,0.00000
884.20000,0.00000
884.30000,0.00000
884.40000,0.00000
884.50000,0.00000
884.60000,0.00000
884.70000,0.00000
884.80000,0.00000
884.90000,0.00000
885.00000,0.00000
885.10000,0.00000
885.20000,0.00000
885.30000,0.00000
885.40000,0.00000
885.50000,0.00000
885.60000,0.00000
885.70000,0.00000
885.80000,0.00000
885.90000,0.00000
886.00000,0.00000
886.10000,0.00000
886.20000,0.00000
886.30000,0.00000
886.40000,0.00000
886.50000,0.00000
886.60000,0.00000
886.70000,0.00000
886.80000,0.00000
886.90000,0.00000
887.00000,0.00000
887.10000,0.00000
887.20000,0.00000
887.30000,0.00000
887.40000,0.00000
887.50000,0.00000
887.60000,0.00000
887.70000,0.00000
887.80000,0.00000
887.90000,0.00000
888.00000,0.00000
888.10000,0.00000
888.20000,0.00000
888.30000,0.00000
888.40000,0.00000
888.50000,0.00000
888.60000,0.00000
888.70000,0.00000
888.80000,0.00000
888.90000,0.00000
889.00000,0.00000
889.10000,0.00000
889.20000,0.00000
889.30000,0.00000
889.40000,0.00000
889.50000,0.00000
889.60000,0.00000
889.70000,0.00000
889.80000,0.00000
889.90000,0.00000
890.00000,0.00000
890.10000,0.00000
890.20000,0.00000
890.30000,0.00000
890.40000,0.00000
890.50000,0.00000
890.60000,0.00001
890.70000,0.00001
890.80000,0.00001
890.90000,0.00001
891.00000,0.00001
891.10000,0.00001
891.20000,0.00001
891.30000,0.00001
891.40000,0.00001
891.50000,0.00001
891.60000,0.00001
891.70000,0.00001
891.80000,0.00001
891.90000,0.00001
892.00000,0.00001
892.10000,0.00001
892.20000,0.00001
892.30000,0.00001
892.40000,0.00001
892.50000,0.00001
892.60000,0.00000
892.70000,0.00000
892.80000,0.00000
892.90000,0.00000
893.00000,0.00000
893.10000,0.00000
893.20000,0.00000
893.30000,0.00000
893.40000,0.00000
893.50000,0.00000
893.60000,0.00000
893.70000,0.00000
893.80000,0.00000
893.90000,0.00000
894.00000,0.00000
894.10000,0.00000
894.20000,0.00000
894.30000,0.00000
894.40000,0.00000
894.50000,0.00000
894.60000,0.00000
894.70000,0.00000
894.80000,0.00000
894.90000,0.00000
895.00000,0.00000
895.10000,0.00000
895.20000,0.00000
895.30000,0.00000
895.40000,0.00000
895.50000,0.00000
895.60000,0.00000
895.70000,0.00000
895.80000,0.00000
895.90000,0.00000
896.00000,0.00000
896.10000,0.00000
896.20000,0.00000
896.30000,0.00000
896.40000,0.00000
896.50000,0.00000
896.60000,0.00000
896.70000,0.00000
896.80000,0.00000
896.90000,0.00000
897.00000,0.00000
897.10000,0.00000
897.20000,0.00000
897.30000,0.00000
897.40000,0.00000
897.50000,0.00000
897.60000,0.00000
897.70000,0.00000
897.80000,0.00000
897.90000,0.00000
898.00000,0.00000
898.10000,0.00000
898.20000,0.00000
898.30000,0.00000
898.40000,0.00000
898.50000,0.00000
898.60000,0.00000
898.70000,0.00000
898.80000,0.00000
898.90000,0.00000
899.00000,0.00000
899.10000,0.00000
899.20000,0.00000
899.30000,0.00000
899.40000,0.00000
899.50000,0.00000
899.60000,0.00000
899.70000,0.00000
899.80000,0.00000
899.90000,0.00000
900.00000,0.00000
900.10000,0.00000
900.20000,0.00000
900.30000,0.00000
900.40000,0.00000
900.50000,0.00000
900.60000,0.00000
900.70000,0.00000
900.80000,0.00000
900.90000,0.00000
901.00000,0.00000
901.10000,0.00000
901.20000,0.00000
901.30000,0.00000
901.40000,0.00000
901.50000,0.00000
901.60000,0.00000
901.70000,0.00000
901.80000,0.00000
901.90000,0.00000
902.00000,0.00000
902.10000,0.00000
902.20000,0.00000
902.30000,0.00000
902.40000,0.00000
902.50000,0.00000
902.60000,0.00000
902.70000,0.00000
902.80000,0.00000
902.90000,0.00000
903.00000,0.00000
903.10000,0.00000
903.20000,0.00000
903.30000,0.00000
903.40000,0.00000
903.50000,0.00000
903.60000,0.00000
903.70000,0.00000
903.80000,0.00000
903.90000,0.00000
904.00000,0.00000
904.10000,0.00000
904.20000,0.00000
904.30000,0.00000
904.40000,0.00000
904.50000,0.00000
904.60000,0.00000
904.70000,0.00000
904.80000,0.00000
904.90000,0.00000
905.00000,0.00000
905.10000,0.00000
905.20000,0.00000
905.30000,0.00000
905.40000,0.00000
905.50000,0.00000
905.60000,0.00000
905.70000,0.00000
905.80000,0.00000
905.90000,0.00000
906.00000,0.00000
906.10000,0.00000
906.20000,0.00000
906.30000,0.00000
906.40000,0.00000
906.50000,0.00000
906.60000,0.00000
906.70000,0.00000
906.80000,0.00000
906.90000,0.00000
907.00000,0.00000
907.10000,0.00000
907.20000,0.00000
907.30000,0.00000
907.40000,0.00000
907.50000,0.00000
907.60000,0.00000
907.70000,0.00000
907.80000,0.00000
907.90000,0.00000
908.00000,0.00000
908.10000,0.00000
908.20000,0.00000
908.30000,0.00000
908.40000,0.00000
908.50000,0.00000
908.60000,0.00000
908.70000,0.00000
908.80000,0.00000
908.90000,0.00000
909.00000,0.00000
909.10000,0.00000
909.20000,0.00000
909.30000,0.00000
909.40000,0.00000
909.50000,0.00000
909.60000,0.00000
909.70000,0.00000
909.80000,0.00000
909.90000,0.00000
910.00000,0.00000
910.10000,0.00000
910.20000,0.00000
910.30000,0.00000
910.40000,0.00000
910.50000,0.00000
910.60000,0.00000
910.70000,0.00000
910.80000,0.00000
910.90000,0.00000
911.00000,0.00000
911.10000,0.00000
911.20000,0.00000
911.30000,0.00000
911.40000,0.00000
911.50000,0.00000
911.60000,0.00000
911.70000,0.00000
911.80000,0.00000
911.90000,0.00000
912.00000,0.00000
912.10000,0.00000
912.20000,0.00000
912.30000,0.00000
912.40000,0.00000
912.50000,0.00000
912.60000,0.00000
912.70000,0.00000
912.80000,0.00000
912.90000,0.00000
913.00000,0.00000
913.10000,0.00000
913.20000,0.00000
913.30000,0.00000
913.40000,0.00000
913.50000,0.00000
913.60000,0.00000
913.70000,0.00000
913.80000,0.00000
913.90000,0.00000
914.00000,0.00000
914.10000,0.00000
914.20000,0.00000
914.30000,0.00000
914.40000,0.00000
914.50000,0.00000
914.60000,0.00000
914.70000,0.00000
914.80000,0.00000
914.90000,0.00000
915.00000,0.00000
915.10000,0.00000
915.20000,0.00000
915.30000,0.00000
915.40000,0.00000
915.50000,0.00000
915.60000,0.00000
915.70000,0.00000
915.80000,0.00000
915.90000,0.00000
916.00000,0.00000
916.10000,0.00000
916.20000,0.00000
916.30000,0.00000
916.40000,0.00000
916.50000,0.00000
916.60000,0.00000
916.70000,0.00000
916.80000,0.00000
916.90000,0.00000
917.00000,0.00000
917.10000,0.00000
917.20000,0.00000
917.30000,0.00000
917.40000,0.00000
917.50000,0.00000
917.60000,0.00000
917.70000,0.00000
917.80000,0.00000
917.90000,0.00000
918.00000,0.00000
918.10000,0.00000
918.20000,0.00000
918.30000,0.00000
918.40000,0.00000
918.50000,0.00000
918.60000,0.00000
918.70000,0.00000
918.80000,0.00000
918.90000,0.00000
919.00000,0.00000
919.10000,0.00000
919.20000,0.00000
919.30000,0.00000
919.40000,0.00000
919.50000,0.00000
919.60000,0.00000
919.70000,0.00000
919.80000,0.00000
919.90000,0.00000
920.00000,0.00000
920.10000,0.00000
920.20000,0.00000
920.30000,0.00000
920.40000,0.00000
920.50000,0.00000
920.60000,0.00000
920.70000,0.00000
920.80000,0.00000
920.90000,0.00000
921.00000,0.00000
921.10000,0.00000
921.20000,0.00000
921.30000,0.00000
921.40000,0.00000
921.50000,0.00000
921.60000,0.00000
921.70000,0.00000
921.80000,0.00000
921.90000,0.00000
922.00000,0.00000
922.10000,0.00000
922.20000,0.00000
922.30000,0.00000
922.40000,0.00000
922.50000,0.00000
922.60000,0.00000
922.70000,0.00000
922.80000,0.00000
922.90000,0.00000
923.00000,0.00000
923.10000,0.00000
923.20000,0.00000
923.30000,0.00000
923.40000,0.00000
923.50000,0.00000
923.60000,0.00000
923.70000,0.00000
923.80000,0.00000
923.90000,0.00000
924.00000,0.00000
924.10000,0.00000
924.20000,0.00000
924.30000,0.00000
924.40000,0.00000
924.50000,0.00000
924.60000,0.00000
924.70000,0.00000
924.80000,0.00000
924.90000,0.00000
925.00000,0.00000
925.10000,0.00000
925.20000,0.00000
925.30000,0.00000
925.40000,0.00000
925.50000,0.00000
925.60000,0.00000
925.70000,0.00000
925.80000,0.00000
925.90000,0.00000
926.00000,0.00000
926.10000,0.00000
926.20000,0.00000
926.30000,0.00000
926.40000,0.00000
926.50000,0.00000
926.60000,0.00000
926.70000,0.00000
926.80000,0.00000
926.90000,0.00000
927.00000,0.00000
927.10000,0.00000
927.20000,0.00000
927.30000,0.00000
927.40000,0.00000
927.50000,0.00000
927.60000,0.00000
927.70000,0.00000
927.80000,0.00000
927.90000,0.00000
928.00000,0.00000
928.10000,0.00000
928.20000,0.00000
928.30000,0.00000
928.40000,0.00000
928.50000,0.00000
928.60000,0.00000
928.70000,0.00000
928.80000,0.00000
928.90000,0.00000
929.00000,0.00000
929.10000,0.00000
929.20000,0.00000
929.30000,0.00000
929.40000,0.00000
929.50000,0.00000
929.60000,0.00000
929.70000,0.00000
929.80000,0.00000
929.90000,0.00000
930.00000,0.00000
930.10000,0.00000
930.20000,0.00000
930.30000,0.00000
930.40000,0.00000
930.50000,0.00000
930.60000,0.00000
930.70000,0.00000
930.80000,0.00000
930.90000,0.00000
931.00000,0.00000
931.10000,0.00000
931.20000,0.00000
931.30000,0.00000
931.40000,0.00000
931.50000,0.00000
931.60000,0.00000
931.70000,0.00000
931.80000,0.00000
931.90000,0.00000
932.00000,0.00000
932.10000,0.00000
932.20000,0.00000
932.30000,0.00000
932.40000,0.00000
932.50000,0.00000
932.60000,0.00000
932.70000,0.00000
932.80000,0.00000
932.90000,0.00000
933.00000,0.00000
933.10000,0.00000
933.20000,0.00000
933.30000,0.00000
933.40000,0.00000
933.50000,0.00000
933.60000,0.00000
933.70000,0.00000
933.80000,0.00000
933.90000,0.00000
934.00000,0.00000
934.10000,0.00000
934.20000,0.00000
934.30000,0.00000
934.40000,0.00000
934.50000,0.00000
934.60000,0.00000
934.70000,0.00000
934.80000,0.00000
934.90000,0.00000
935.00000,0.00000
935.10000,0.00000
935.20000,0.00000
935.30000,0.00000
935.40000,0.00000
935.50000,0.00000
935.60000,0.00000
935.70000,0.00000
935.80000,0.00000
935.90000,0.00000
936.00000,0.00000
936.10000,0.00000
936.20000,0.00000
936.30000,0.00000
936.40000,0.00000
936.50000,0.00000
936.60000,0.00000
936.70000,0.00000
936.80000,0.00000
936.90000,0.00000
937.00000,0.00000
937.10000,0.00000
937.20000,0.00000
937.30000,0.00000
937.40000,0.00000
937.50000,0.00000
937.60000,0.00000
937.70000,0.00000
937.80000,0.00000
937.90000,0.00000
938.00000,0.00000
938.10000,0.00000
938.20000,0.00000
938.30000,0.00000
938.40000,0.00000
938.50000,0.00000
938.60000,0.00000
938.70000,0.00000
938.80000,0.00000
938.90000,0.00000
939.00000,0.00000
939.10000,0.00000
939.20000,0.00000
939.30000,0.00000
939.40000,0.00000
939.50000,0.00000
939.60000,0.00000
939.70000,0.00000
939.80000,0.00000
939.90000,0.00000
940.00000,0.00000
940.10000,0.00000
940.20000,0.00000
940.30000,0.00000
940.40000,0.00000
940.50000,0.00000
940.60000,0.00000
940.70000,0.00000
940.80000,0.00000
940.90000,0.00000
941.00000,0.00000
941.10000,0.00000
941.20000,0.00000
941.30000,0.00000
941.40000,0.00000
941.50000,0.00000
941.60000,0.00000
941.70000,0.00000
941.80000,0.00000
941.90000,0.00000
942.00000,0.00000
942.10000,0.00000
942.20000,0.00000
942.30000,0.00000
942.40000,0.00000
942.50000,0.00000
942.60000,0.00000
942.70000,0.00000
942.80000,0.00000
942.90000,0.00000
943.00000,0.00000
943.10000,0.00000
943.20000,0.00000
943.30000,0.00000
943.40000,0.00000
943.50000,0.00000
943.60000,0.00000
943.70000,0.00000
943.80000,0.00000
943.90000,0.00000
944.00000,0.00000
944.10000,0.00000
944.20000,0.00000
944.30000,0.00000
944.40000,0.00000
944.50000,0.00000
944.60000,0.00000
944.70000,0.00000
944.80000,0.00000
944.90000,0.00000
945.00000,0.00000
945.10000,0.00000
945.20000,0.00000
945.30000,0.00000
945.40000,0.00000
945.50000,0.00000
945.60000,0.00000
945.70000,0.00000
945.80000,0.00000
945.90000,0.00000
946.00000,0.00000
946.10000,0.00000
946.20000,0.00000
946.30000,0.00000
946.40000,0.00000
946.50000,0.00000
946.60000,0.00000
946.70000,0.00000
946.80000,0.00000
946.90000,0.00000
947.00000,0.00000
947.10000,0.00000
947.20000,0.00000
947.30000,0.00000
947.40000,0.00000
947.50000,0.00000
947.60000,0.00000
947.70000,0.00000
947.80000,0.00000
947.90000,0.00000
948.00000,0.00000
948.10000,0.00000
948.20000,0.00000
948.30000,0.00000
948.40000,0.00000
948.50000,0.00000
948.60000,0.00000
948.70000,0.00000
948.80000,0.00000
948.90000,0.00000
949.00000,0.00000
949.10000,0.00000
949.20000,0.00000
949.30000,0.00000
949.40000,0.00000
949.50000,0.00000
949.60000,0.00000
949.70000,0.00000
949.80000,0.00000
949.90000,0.00000
950.00000,0.00000
950.10000,0.00000
950.20000,0.00000
950.30000,0.00000
950.40000,0.00000
950.50000,0.00000
950.60000,0.00000
950.70000,0.00000
950.80000,0.00000
950.90000,0.00000
951.00000,0.00000
951.10000,0.00000
951.20000,0.00000
951.30000,0.00000
951.40000,0.00000
951.50000,0.00000
951.60000,0.00000
951.70000,0.00000
951.80000,0.00000
951.90000,0.00000
952.00000,0.00000
952.10000,0.00000
952.20000,0.00000
952.30000,0.00000
952.40000,0.00000
952.50000,0.00000
952.60000,0.00000
952.70000,0.00000
952.80000,0.00000
952.90000,0.00000
953.00000,0.00000
953.10000,0.00000
953.20000,0.00000
953.30000,0.00000
953.40000,0.00000
953.50000,0.00000
953.60000,0.00000
953.70000,0.00000
953.80000,0.00000
953.90000,0.00000
954.00000,0.00000
954.10000,0.00000
954.20000,0.00000
954.30000,0.00000
954.40000,0.00000
954.50000,0.00000
954.60000,0.00000
954.70000,0.00000
954.80000,0.00000
954.90000,0.00000
955.00000,0.00000
955.10000,0.00000
955.20000,0.00000
955.30000,0.00000
955.40000,0.00000
955.50000,0.00000
955.60000,0.00000
955.70000,0.00000
955.80000,0.00000
955.90000,0.00000
956.00000,0.00000
956.10000,0.00000
956.20000,0.00000
956.30000,0.00000
956.40000,0.00000
956.50000,0.00000
956.60000,0.00000
956.70000,0.00000
956.80000,0.00000
956.90000,0.00000
957.00000,0.00000
957.10000,0.00000
957.20000,0.00000
957.30000,0.00000
957.40000,0.00000
957.50000,0.00000
957.60000,0.00000
957.70000,0.00000
957.80000,0.00000
957.90000,0.00000
958.00000,0.00000
958.10000,0.00000
958.20000,0.00000
958.30000,0.00000
958.40000,0.00000
958.50000,0.00000
958.60000,0.00000
958.70000,0.00000
958.80000,0.00000
958.90000,0.00000
959.00000,0.00000
959.10000,0.00000
959.20000,0.00000
959.30000,0.00000
959.40000,0.00000
959.50000,0.00000
959.60000,0.00000
959.70000,0.00000
959.80000,0.00000
959.90000,0.00000
960.00000,0.00000
960.10000,0.00000
960.20000,0.00000
960.30000,0.00000
960.40000,0.00000
960.50000,0.00000
960.60000,0.00000
960.70000,0.00000
960.80000,0.00000
960.90000,0.00000
961.00000,0.00000
961.10000,0.00000
961.20000,0.00000
961.30000,0.00000
961.40000,0.00000
961.50000,0.00000
961.60000,0.00000
961.70000,0.00000
961.80000,0.00000
961.90000,0.00000
962.00000,0.00000
962.10000,0.00000
962.20000,0.00000
962.30000,0.00000
962.40000,0.00000
962.50000,0.00000
962.60000,0.00000
962.70000,0.00000
962.80000,0.00000
962.90000,0.00000
963.00000,0.00000
963.10000,0.00000
963.20000,0.00000
963.30000,0.00000
963.40000,0.00000
963.50000,0.00000
963.60000,0.00000
963.70000,0.00000
963.80000,0.00000
963.90000,0.00000
964.00000,0.00000
964.10000,0.00000
964.20000,0.00000
964.30000,0.00000
964.40000,0.00000
964.50000,0.00000
964.60000,0.00000
964.70000,0.00000
964.80000,0.00000
964.90000,0.00000
965.00000,0.00000
965.10000,0.00000
965.20000,0.00000
965.30000,0.00000
965.40000,0.00000
965.50000,0.00000
965.60000,0.00000
965.70000,0.00000
965.80000,0.00000
965.90000,0.00000
966.00000,0.00000
966.10000,0.00000
966.20000,0.00000
966.30000,0.00000
966.40000,0.00000
966.50000,0.00000
966.60000,0.00000
966.70000,0.00000
966.80000,0.00000
966.90000,0.00000
967.00000,0.00000
967.10000,0.00000
967.20000,0.00000
967.30000,0.00000
967.40000,0.00000
967.50000,0.00000
967.60000,0.00000
967.70000,0.00000
967.80000,0.00000
967.90000,0.00000
968.00000,0.00000
968.10000,0.00000
968.20000,0.00000
968.30000,0.00000
968.40000,0.00000
968.50000,0.00000
968.60000,0.00000
968.70000,0.00000
968.80000,0.00000
968.90000,0.00000
969.00000,0.00000
969.10000,0.00000
969.20000,0.00000
969.30000,0.00000
969.40000,0.00000
969.50000,0.00000
969.60000,0.00000
969.70000,0.00000
969.80000,0.00000
969.90000,0.00000
970.00000,0.00000
970.10000,0.00000
970.20000,0.00000
970.30000,0.00000
970.40000,0.00000
970.50000,0.00000
970.60000,0.00000
970.70000,0.00000
970.80000,0.00000
970.90000,0.00000
971.00000,0.00000
971.10000,0.00000
971.20000,0.00000
971.30000,0.00000
971.40000,0.00000
971.50000,0.00000
971.60000,0.00000
971.70000,0.00000
971.80000,0.00000
971.90000,0.00000
972.00000,0.00000
972.10000,0.00000
972.20000,0.00000
972.30000,0.00000
972.40000,0.00000
972.50000,0.00000
972.60000,0.00000
972.70000,0.00000
972.80000,0.00000
972.90000,0.00000
973.00000,0.00000
973.10000,0.00000
973.20000,0.00000
973.30000,0.00000
973.40000,0.00000
973.50000,0.00000
973.60000,0.00000
973.70000,0.00000
973.80000,0.00000
973.90000,0.00000
974.00000,0.00000
974.10000,0.00000
974.20000,0.00000
974.30000,0.00000
974.40000,0.00000
974.50000,0.00000
974.60000,0.00000
974.70000,0.00000
974.80000,0.00000
974.90000,0.00000
975.00000,0.00000
975.10000,0.00000
975.20000,0.00000
975.30000,0.00000
975.40000,0.00000
975.50000,0.00000
975.60000,0.00000
975.70000,0.00000
975.80000,0.00000
975.90000,0.00000
976.00000,0.00000
976.10000,0.00000
976.20000,0.00000
976.30000,0.00000
976.40000,0.00000
976.50000,0.00000
976.60000,0.00000
976.70000,0.00000
976.80000,0.00000
976.90000,0.00000
977.00000,0.00000
977.10000,0.00000
977.20000,0.00000
977.30000,0.00000
977.40000,0.00000
977.50000,0.00000
977.60000,0.00000
977.70000,0.00000
977.80000,0.00000
977.90000,0.00000
978.00000,0.00000
978.10000,0.00000
978.20000,0.00000
978.30000,0.00000
978.40000,0.00000
978.50000,0.00000
978.60000,0.00000
978.70000,0.00000
978.80000,0.00000
978.90000,0.00000
979.00000,0.00000
979.10000,0.00000
979.20000,0.00000
979.30000,0.00000
979.40000,0.00000
979.50000,0.00000
979.60000,0.00000
979.70000,0.00000
979.80000,0.00000
979.90000,0.00000
980.00000,0.00000
980.10000,0.00000
980.20000,0.00000
980.30000,0.00000
980.40000,0.00000
980.50000,0.00000
980.60000,0.00000
980.70000,0.00000
980.80000,0.00000
980.90000,0.00000
981.00000,0.00000
981.10000,0.00000
981.20000,0.00000
981.30000,0.00000
981.40000,0.00000
981.50000,0.00000
981.60000,0.00000
981.70000,0.00000
981.80000,0.00000
981.90000,0.00000
982.00000,0.00000
982.10000,0.00000
982.20000,0.00000
982.30000,0.00000
982.40000,0.00000
982.50000,0.00000
982.60000,0.00000
982.70000,0.00000
982.80000,0.00000
982.90000,0.00000
983.00000,0.00000
983.10000,0.00000
983.20000,0.00000
983.30000,0.00000
983.40000,0.00000
983.50000,0.00000
983.60000,0.00000
983.70000,0.00000
983.80000,0.00000
983.90000,0.00000
984.00000,0.00000
984.10000,0.00000
984.20000,0.00000
984.30000,0.00000
984.40000,0.00000
984.50000,0.00000
984.60000,0.00000
984.70000,0.00000
984.80000,0.00000
984.90000,0.00000
985.00000,0.00000
985.10000,0.00000
985.20000,0.00000
985.30000,0.00000
985.40000,0.00000
985.50000,0.00000
985.60000,0.00000
985.70000,0.00000
985.80000,0.00000
985.90000,0.00000
986.00000,0.00000
986.10000,0.00000
986.20000,0.00000
986.30000,0.00000
986.40000,0.00000
986.50000,0.00000
986.60000,0.00000
986.70000,0.00000
986.80000,0.00000
986.90000,0.00000
987.00000,0.00000
987.10000,0.00000
987.20000,0.00000
987.30000,0.00000
987.40000,0.00000
987.50000,0.00000
987.60000,0.00000
987.70000,0.00000
987.80000,0.00000
987.90000,0.00000
988.00000,0.00000
988.10000,0.00000
988.20000,0.00000
988.30000,0.00000
988.40000,0.00000
988.50000,0.00000
988.60000,0.00000
988.70000,0.00000
988.80000,0.00000
988.90000,0.00000
989.00000,0.00000
989.10000,0.00000
989.20000,0.00000
989.30000,0.00000
989.40000,0.00000
989.50000,0.00000
989.60000,0.00000
989.70000,0.00000
989.80000,0.00000
989.90000,0.00000
990.00000,0.00000
990.10000,0.00000
990.20000,0.00000
990.30000,0.00000
990.40000,0.00000
990.50000,0.00000
990.60000,0.00000
990.70000,0.00000
990.80000,0.00000
990.90000,0.00000
991.00000,0.00000
991.10000,0.00000
991.20000,0.00000
991.30000,0.00000
991.40000,0.00000
991.50000,0.00000
991.60000,0.00000
991.70000,0.00000
991.80000,0.00000
991.90000,0.00000
992.00000,0.00000
992.10000,0.00000
992.20000,0.00000
992.30000,0.00000
992.40000,0.00000
992.50000,0.00000
992.60000,0.00000
992.70000,0.00000
992.80000,0.00000
992.90000,0.00000
993.00000,0.00000
993.10000,0.00000
993.20000,0.00000
993.30000,0.00000
993.40000,0.00000
993.50000,0.00000
993.60000,0.00000
993.70000,0.00000
993.80000,0.00000
993.90000,0.00000
994.00000,0.00000
994.10000,0.00000
994.20000,0.00000
994.30000,0.00000
994.40000,0.00000
994.50000,0.00000
994.60000,0.00000
994.70000,0.00000
994.80000,0.00000
994.90000,0.00000
995.00000,0.00000
995.10000,0.00000
995.20000,0.00000
995.30000,0.00000
995.40000,0.00000
995.50000,0.00000
995.60000,0.00000
995.70000,0.00000
995.80000,0.00000
995.90000,0.00000
996.00000,0.00000
996.10000,0.00000
996.20000,0.00000
996.30000,0.00000
996.40000,0.00000
996.50000,0.00000
996.60000,0.00000
996.70000,0.00000
996.80000,0.00000
996.90000,0.00000
997.00000,0.00000
997.10000,0.00000
997.20000,0.00000
997.30000,0.00000
997.40000,0.00000
997.50000,0.00000
997.60000,0.00000
997.70000,0.00000
997.80000,0.00000
997.90000,0.00000
998.00000,0.00000
998.10000,0.00000
998.20000,0.00000
998.30000,0.00000
998.40000,0.00000
998.50000,0.00000
998.60000,0.00000
998.70000,0.00000
998.80000,0.00000
998.90000,0.00000
999.00000,0.00000
999.10000,0.00000
999.20000,0.00000
999.30000,0.00000
999.40000,0.00000
999.50000,0.00000
999.60000,0.00000
999.70000,0.00000
999.80000,0.00000
999.90000,0.00000
1000.00000,0.00000
